service_id,monday,tuesday,wednesday,thursday,friday,saturday,sunday,start_date,end_date
IDFM:1,1,1,0,1,1,0,0,20220623,20220721
IDFM:10,1,1,1,0,1,0,0,20220708,20220721
IDFM:100,1,1,1,1,1,0,0,20220622,20220721
IDFM:119,0,0,0,0,1,0,0,20220624,20220715
IDFM:121,1,1,0,1,0,0,0,20220623,20220721
IDFM:1000,1,1,1,1,0,0,0,20220718,20220721
IDFM:1016,0,0,0,0,1,0,0,20220708,20220715
IDFM:1032,0,0,1,0,0,0,0,20220622,20220720
IDFM:1052,0,0,0,0,0,1,0,20220709,20220716
IDFM:6783,1,1,1,1,1,1,0,20220707,20220721
IDFM:6871,0,0,1,0,0,0,0,20220622,20220721
IDFM:10000,0,0,0,0,0,1,0,20220625,20220716
IDFM:10005,0,0,0,1,0,0,0,20220714,20220714
IDFM:10068,0,0,0,0,0,0,1,20220626,20220717
IDFM:11366,0,0,0,0,0,1,1,20220709,20220717
IDFM:11446,0,1,1,1,1,1,0,20220622,20220708
IDFM:11678,0,1,1,1,0,1,0,20220709,20220721
IDFM:11865,0,0,0,0,0,0,1,20220710,20220717
IDFM:12243,0,0,0,0,0,1,1,20220625,20220703
IDFM:12273,0,1,1,1,1,1,1,20220622,20220710
IDFM:12275,1,1,1,1,1,0,1,20220622,20220710
IDFM:12282,1,1,1,1,1,1,1,20220622,20220710
IDFM:13454,0,0,1,0,0,1,0,20220622,20220709
IDFM:13577,0,0,1,1,1,0,0,20220622,20220701
IDFM:13595,1,1,1,1,1,0,0,20220704,20220708
IDFM:14322,1,1,1,0,1,1,0,20220708,20220721
IDFM:16029,1,1,0,1,1,0,0,20220704,20220708
IDFM:16031,0,0,0,1,1,0,0,20220623,20220701
IDFM:16612,0,0,0,0,1,0,0,20220708,20220708
IDFM:16689,1,1,1,1,1,0,0,20220622,20220715
IDFM:16959,1,1,1,0,1,0,0,20220711,20220715
IDFM:17161,0,0,0,1,0,1,1,20220714,20220717
IDFM:17215,0,0,0,1,0,0,1,20220714,20220717
IDFM:17751,1,0,1,0,0,0,0,20220711,20220721
IDFM:17752,1,0,1,1,0,0,0,20220622,20220707
IDFM:17753,0,1,0,0,0,0,0,20220712,20220719
IDFM:17754,0,1,0,0,1,0,0,20220624,20220708
IDFM:17813,1,0,1,1,0,1,0,20220622,20220709
IDFM:20411,1,1,0,1,1,0,0,20220623,20220705
IDFM:20412,1,1,1,1,1,0,0,20220707,20220721
IDFM:20420,1,1,1,1,1,0,0,20220622,20220706
IDFM:20476,1,1,1,1,1,1,0,20220622,20220706
IDFM:20664,1,1,0,1,1,0,0,20220623,20220721
IDFM:21538,0,0,0,0,1,0,0,20220624,20220701
IDFM:21597,1,1,1,1,1,0,0,20220622,20220721
IDFM:21755,1,1,1,1,0,0,0,20220711,20220721
IDFM:24418,1,1,1,1,0,0,0,20220711,20220721
IDFM:24447,1,1,1,1,0,0,0,20220711,20220721
IDFM:24802,1,1,1,1,0,0,0,20220711,20220721
IDFM:25601,1,0,1,1,1,0,0,20220622,20220721
IDFM:26169,0,0,1,0,0,1,0,20220622,20220720
IDFM:30191,1,1,0,1,0,0,0,20220623,20220707
IDFM:30193,0,0,0,0,1,0,0,20220624,20220708
IDFM:31740,1,1,1,1,1,0,0,20220704,20220721
IDFM:34242,0,0,0,0,0,0,1,20220625,20220717
IDFM:34245,0,0,1,1,0,0,1,20220622,20220717
IDFM:34329,1,1,1,1,1,0,1,20220622,20220721
IDFM:34535,0,0,0,0,0,0,1,20220626,20220721
IDFM:34606,0,0,1,1,0,1,0,20220622,20220716
IDFM:34621,0,0,1,1,0,0,0,20220622,20220716
IDFM:34740,1,1,1,1,1,0,0,20220622,20220721
IDFM:35803,1,1,1,1,1,0,0,20220708,20220721
IDFM:36095,0,0,0,0,0,1,0,20220625,20220721
IDFM:36194,1,1,1,1,1,1,0,20220708,20220721
IDFM:37183,0,0,0,0,0,1,0,20220625,20220721
IDFM:39008,0,0,1,0,0,0,0,20220622,20220713
IDFM:39077,1,1,0,1,1,0,0,20220623,20220715
IDFM:39270,0,0,0,0,0,1,0,20220625,20220721
IDFM:39274,1,1,1,1,1,1,0,20220622,20220716
IDFM:39362,0,0,0,1,0,0,1,20220623,20220721
IDFM:39379,1,1,1,0,1,0,0,20220622,20220720
IDFM:39425,1,1,1,0,1,1,0,20220622,20220720
IDFM:40380,1,1,0,1,1,0,0,20220623,20220721
IDFM:40721,0,0,0,0,0,0,1,20220626,20220721
IDFM:41137,0,0,1,0,0,0,0,20220706,20220706
IDFM:41814,0,1,1,1,1,1,0,20220622,20220721
IDFM:41825,0,1,1,1,1,1,1,20220622,20220721
IDFM:42921,0,0,0,0,0,1,1,20220625,20220721
IDFM:43377,0,0,1,0,0,0,0,20220622,20220715
IDFM:43431,1,1,1,1,1,0,0,20220622,20220721
IDFM:43826,0,0,1,0,0,0,0,20220622,20220721
IDFM:43866,1,1,0,1,1,0,0,20220623,20220721
IDFM:44011,1,1,1,1,1,1,0,20220622,20220709
IDFM:44061,1,1,1,1,1,0,0,20220622,20220721
IDFM:44110,1,1,0,1,1,1,0,20220623,20220707
IDFM:44152,0,0,0,1,0,0,0,20220623,20220707
IDFM:44153,1,1,0,0,1,0,0,20220624,20220705
IDFM:44366,1,1,0,1,1,1,0,20220623,20220709
IDFM:44398,0,0,0,0,0,0,1,20220626,20220721
IDFM:44399,1,1,1,1,1,1,0,20220622,20220721
IDFM:44414,1,1,1,1,1,1,1,20220622,20220721
IDFM:44428,0,0,1,1,0,1,1,20220622,20220716
IDFM:44583,1,1,1,1,1,1,0,20220622,20220721
IDFM:45475,0,1,0,1,0,1,1,20220705,20220721
IDFM:45478,0,0,0,1,0,0,0,20220623,20220630
IDFM:45489,0,1,0,1,0,1,1,20220625,20220721
IDFM:45627,0,1,0,0,1,0,1,20220705,20220719
IDFM:45639,0,0,0,0,1,0,1,20220624,20220703
IDFM:47999,0,1,1,1,0,1,0,20220705,20220721
IDFM:49244,1,0,0,0,0,0,0,20220626,20220718
IDFM:49352,0,0,0,0,0,1,0,20220625,20220717
IDFM:52569,1,1,1,0,0,0,0,20220625,20220721
IDFM:55458,0,0,1,0,0,0,0,20220622,20220721
IDFM:55506,0,0,1,0,0,1,0,20220622,20220721
IDFM:55508,1,1,0,1,1,1,0,20220623,20220721
IDFM:55845,0,0,1,0,0,0,0,20220713,20220721
IDFM:55847,0,0,1,0,0,0,0,20220713,20220721
IDFM:55912,1,1,1,1,1,0,0,20220622,20220721
IDFM:56036,0,0,1,0,0,0,0,20220622,20220716
IDFM:56245,0,0,1,1,0,0,0,20220713,20220721
IDFM:56268,0,0,0,0,0,0,1,20220626,20220716
IDFM:56400,0,0,0,0,0,1,0,20220625,20220717
IDFM:56679,0,0,0,0,0,1,0,20220625,20220717
IDFM:58420,0,0,0,0,0,0,1,20220626,20220717
IDFM:59836,1,1,1,1,1,0,0,20220707,20220721
IDFM:61250,1,0,1,1,1,0,0,20220622,20220706
IDFM:67694,1,1,0,1,0,0,0,20220711,20220721
IDFM:71655,1,1,1,1,1,1,0,20220704,20220721
IDFM:78050,0,0,0,0,1,0,0,20220707,20220715
IDFM:78966,0,0,1,0,0,1,0,20220622,20220716
IDFM:79217,0,1,1,1,0,1,0,20220708,20220721
IDFM:79317,0,1,1,1,1,1,0,20220622,20220707
IDFM:79529,1,1,0,1,1,0,0,20220707,20220721
IDFM:80034,1,0,0,1,0,0,0,20220623,20220704
IDFM:83015,0,0,1,0,0,0,1,20220622,20220717
IDFM:84250,0,0,1,0,0,0,0,20220622,20220712
IDFM:84710,0,0,1,0,0,0,0,20220713,20220721
IDFM:84717,1,1,1,1,1,1,1,20220622,20220712
IDFM:84730,1,1,1,1,1,1,1,20220622,20220706
IDFM:84811,1,1,1,1,1,0,0,20220622,20220712
IDFM:85239,1,1,0,1,1,0,0,20220622,20220721
IDFM:86426,0,0,0,0,0,1,0,20220625,20220721
IDFM:87871,0,1,0,1,0,0,0,20220623,20220707
IDFM:92300,0,1,1,1,1,1,0,20220622,20220716
IDFM:95995,1,1,1,1,1,1,1,20220622,20220715
IDFM:96407,0,0,0,0,0,1,0,20220625,20220717
IDFM:99881,0,0,1,0,0,0,0,20220713,20220720
IDFM:99885,0,0,1,0,1,0,0,20220622,20220708
IDFM:100000,0,0,0,0,0,0,1,20220717,20220717
IDFM:100032,0,0,0,0,0,1,0,20220625,20220709
IDFM:100079,1,1,1,1,1,0,0,20220622,20220708
IDFM:100105,0,0,0,0,0,1,0,20220716,20220716
IDFM:100157,0,0,0,0,0,0,1,20220626,20220710
IDFM:100305,1,1,1,0,0,0,0,20220711,20220721
IDFM:100606,1,0,0,0,0,0,0,20220718,20220718
IDFM:100704,0,1,1,1,1,1,0,20220622,20220709
IDFM:100754,0,0,0,0,1,0,0,20220715,20220715
IDFM:100826,0,1,1,1,0,0,0,20220712,20220721
IDFM:100924,1,0,0,0,0,0,0,20220627,20220704
IDFM:101527,0,0,0,0,0,1,0,20220625,20220702
IDFM:101528,1,1,0,1,1,0,0,20220623,20220707
IDFM:101531,0,0,1,0,0,0,0,20220622,20220706
IDFM:101532,1,1,1,1,1,0,0,20220622,20220707
IDFM:101540,0,0,1,0,0,0,0,20220713,20220720
IDFM:101544,1,1,0,0,0,0,0,20220711,20220721
IDFM:101580,1,1,0,1,1,0,0,20220623,20220708
IDFM:101634,0,0,0,0,0,1,1,20220716,20220717
IDFM:101640,0,0,0,0,0,1,1,20220625,20220710
IDFM:102368,1,0,0,0,0,0,1,20220626,20220710
IDFM:102646,1,1,1,0,0,0,0,20220711,20220721
IDFM:102654,1,1,1,1,1,1,0,20220622,20220709
IDFM:102801,0,0,0,0,0,0,1,20220626,20220703
IDFM:104316,1,1,1,1,1,1,0,20220622,20220707
IDFM:104321,0,0,1,0,0,1,0,20220622,20220706
IDFM:104600,0,0,0,0,0,1,0,20220702,20220716
IDFM:104602,1,1,1,0,0,0,0,20220701,20220721
IDFM:104611,0,0,0,0,0,0,1,20220703,20220717
IDFM:104613,0,0,1,1,0,0,0,20220622,20220630
IDFM:104625,0,0,0,0,0,0,1,20220626,20220626
IDFM:104628,0,0,0,0,0,0,1,20220626,20220717
IDFM:104630,0,0,0,0,0,0,1,20220703,20220717
IDFM:104634,0,1,1,1,0,0,0,20220702,20220721
IDFM:104638,1,0,0,0,0,0,0,20220704,20220718
IDFM:104692,0,0,1,1,1,0,0,20220622,20220701
IDFM:104696,1,0,0,0,0,0,0,20220627,20220627
IDFM:104752,0,0,0,0,0,1,0,20220625,20220625
IDFM:104856,0,0,0,0,0,1,0,20220625,20220716
IDFM:106720,0,0,0,0,0,0,1,20220703,20220717
IDFM:106722,0,1,1,1,0,1,0,20220702,20220721
IDFM:106726,0,0,0,0,0,1,0,20220702,20220716
IDFM:107002,1,1,1,0,1,0,0,20220701,20220721
IDFM:108436,1,1,1,1,1,0,0,20220622,20220721
IDFM:109851,0,0,0,0,0,1,0,20220702,20220709
IDFM:109908,0,0,0,0,1,0,0,20220701,20220708
IDFM:111516,0,1,1,1,1,1,0,20220622,20220721
IDFM:111624,1,0,0,0,0,0,0,20220627,20220718
IDFM:112195,1,0,0,0,0,0,0,20220704,20220718
IDFM:114683,0,0,0,0,0,0,1,20220703,20220716
IDFM:114686,0,1,1,1,0,1,0,20220702,20220714
IDFM:114695,1,0,0,0,0,0,0,20220704,20220711
IDFM:114788,0,0,0,0,0,1,0,20220702,20220715
IDFM:114937,1,1,1,0,1,0,0,20220701,20220713
IDFM:115142,0,0,0,0,0,0,1,20220703,20220710
IDFM:115171,0,0,0,0,1,0,0,20220701,20220701
IDFM:115246,0,0,0,1,0,0,0,20220630,20220630
IDFM:115462,0,0,1,1,0,0,0,20220622,20220630
IDFM:115467,0,0,1,0,0,0,0,20220622,20220629
IDFM:115898,0,1,1,1,0,0,0,20220719,20220721
IDFM:118021,0,1,0,0,0,0,0,20220701,20220721
IDFM:118188,0,0,1,1,1,0,0,20220622,20220714
IDFM:118191,0,0,1,1,0,0,0,20220622,20220713
IDFM:118380,0,0,1,0,0,0,0,20220702,20220721
IDFM:118481,0,1,1,1,1,0,0,20220622,20220721
IDFM:119594,0,0,0,0,0,0,1,20220703,20220714
IDFM:119691,1,0,0,0,0,0,0,20220704,20220715
IDFM:122180,0,0,1,1,1,1,0,20220622,20220721
IDFM:122182,0,1,0,0,0,0,0,20220628,20220719
IDFM:122271,0,1,1,1,1,0,0,20220622,20220721
IDFM:122363,1,0,0,0,0,0,0,20220627,20220718
IDFM:123334,1,1,1,1,1,0,0,20220622,20220721
IDFM:123981,0,0,1,1,0,0,0,20220622,20220630
IDFM:124521,0,1,1,1,0,1,1,20220702,20220721
IDFM:124525,1,1,1,0,1,1,0,20220701,20220721
IDFM:125059,0,0,0,0,0,0,1,20220626,20220717
IDFM:125458,1,1,1,1,1,1,0,20220622,20220721
IDFM:129114,1,1,1,1,1,0,0,20220622,20220713
IDFM:136826,0,0,0,0,0,1,0,20220702,20220709
IDFM:137014,1,1,1,0,1,0,0,20220701,20220715
IDFM:137123,0,1,1,1,0,1,0,20220702,20220716
IDFM:139360,1,1,1,1,0,0,0,20220622,20220721
IDFM:139514,0,1,1,1,1,0,0,20220622,20220721
IDFM:146504,1,1,1,0,0,0,0,20220625,20220721
IDFM:150481,1,1,1,0,1,1,0,20220701,20220716
IDFM:150523,1,1,1,0,1,0,0,20220701,20220721
IDFM:151260,0,0,0,0,0,1,0,20220625,20220716
IDFM:155054,0,1,1,1,1,1,1,20220622,20220721
IDFM:159974,0,0,1,1,1,0,0,20220622,20220701
IDFM:159977,0,1,0,0,0,0,0,20220628,20220628
IDFM:162509,0,0,0,0,0,0,1,20220625,20220717
IDFM:162511,1,1,1,0,1,0,0,20220625,20220721
IDFM:162515,1,1,1,0,1,1,0,20220625,20220721
IDFM:162546,0,0,0,0,0,1,0,20220622,20220716
IDFM:162591,1,1,1,1,0,1,1,20220702,20220721
IDFM:162893,0,0,1,1,0,0,0,20220622,20220630
IDFM:163527,0,0,1,0,0,0,0,20220706,20220720
IDFM:163607,0,0,1,0,0,0,0,20220622,20220629
IDFM:163867,1,1,1,1,0,0,0,20220704,20220721
IDFM:163908,1,1,0,0,1,0,0,20220701,20220721
IDFM:164073,0,0,0,0,0,1,0,20220702,20220716
IDFM:164075,0,1,1,1,0,0,0,20220705,20220721
IDFM:164079,0,0,0,0,1,0,0,20220701,20220715
IDFM:164247,0,0,0,0,1,0,0,20220624,20220624
IDFM:164377,0,0,1,1,0,0,0,20220622,20220630
IDFM:164584,0,0,1,1,1,0,0,20220622,20220701
IDFM:164715,0,0,0,1,0,0,0,20220707,20220721
IDFM:164717,0,1,1,0,0,1,0,20220702,20220720
IDFM:164802,0,0,1,0,0,0,0,20220713,20220713
IDFM:164818,0,0,1,0,0,0,0,20220706,20220720
IDFM:164845,1,1,0,1,0,0,0,20220704,20220721
IDFM:165122,0,0,0,1,0,0,0,20220623,20220630
IDFM:165391,0,0,0,1,0,0,0,20220623,20220630
IDFM:165573,0,0,1,0,1,0,0,20220622,20220701
IDFM:165582,0,0,0,1,0,0,0,20220623,20220630
IDFM:165628,0,0,0,0,1,0,0,20220701,20220715
IDFM:165630,0,0,0,0,0,1,0,20220702,20220716
IDFM:165636,0,0,0,0,1,0,0,20220701,20220715
IDFM:165641,1,1,0,0,0,1,1,20220702,20220721
IDFM:165642,1,1,1,1,1,0,0,20220622,20220721
IDFM:165644,0,0,0,0,0,0,1,20220625,20220717
IDFM:165648,1,1,1,1,1,0,1,20220622,20220721
IDFM:165653,1,1,1,1,0,1,1,20220622,20220721
IDFM:165660,1,1,1,1,0,1,1,20220622,20220721
IDFM:165711,1,1,1,1,0,0,0,20220704,20220721
IDFM:165966,0,1,1,1,0,0,0,20220705,20220721
IDFM:166341,1,1,1,0,1,0,0,20220624,20220721
IDFM:167092,0,0,0,0,0,0,1,20220627,20220717
IDFM:167285,0,0,0,0,0,1,0,20220626,20220716
IDFM:167930,0,0,1,0,0,0,0,20220622,20220629
IDFM:167959,0,0,1,0,0,0,0,20220622,20220720
IDFM:168037,1,1,0,0,1,0,0,20220624,20220721
IDFM:168056,0,1,1,0,1,1,0,20220622,20220720
IDFM:168091,1,1,0,1,1,0,0,20220623,20220721
IDFM:168308,0,0,1,0,1,0,0,20220622,20220701
IDFM:168531,0,0,0,1,0,0,0,20220707,20220721
IDFM:168554,0,1,1,0,1,0,0,20220622,20220720
IDFM:168904,1,1,1,1,0,1,0,20220702,20220721
IDFM:168905,0,0,1,1,1,0,0,20220622,20220701
IDFM:168909,1,0,0,0,0,0,1,20220703,20220718
IDFM:168934,0,0,0,0,0,1,1,20220702,20220717
IDFM:170458,1,1,1,1,1,1,0,20220622,20220721
IDFM:170652,0,0,1,0,0,0,0,20220622,20220629
IDFM:170661,0,0,0,0,0,0,1,20220625,20220717
IDFM:170662,1,0,0,0,0,0,1,20220625,20220718
IDFM:170881,0,0,0,1,0,0,0,20220623,20220715
IDFM:170883,1,0,0,0,0,0,0,20220622,20220718
IDFM:170887,0,0,0,0,0,1,0,20220625,20220716
IDFM:170888,1,0,0,0,0,1,0,20220625,20220718
IDFM:171690,1,1,1,1,0,0,0,20220704,20220721
IDFM:171691,0,0,0,0,0,1,1,20220702,20220717
IDFM:173122,1,1,1,1,0,0,0,20220622,20220721
IDFM:173124,0,0,0,0,0,1,0,20220622,20220716
IDFM:173127,0,0,1,1,0,1,0,20220622,20220721
IDFM:173707,1,1,1,0,0,0,0,20220711,20220721
IDFM:173821,0,1,1,0,0,0,0,20220712,20220721
IDFM:173822,0,1,1,1,1,0,0,20220705,20220708
IDFM:173836,0,0,0,0,1,0,0,20220701,20220708
IDFM:173847,0,0,0,0,1,1,0,20220715,20220716
IDFM:173929,1,1,0,0,0,0,0,20220711,20220721
IDFM:173961,1,1,1,1,0,0,0,20220704,20220707
IDFM:174223,0,0,0,0,0,1,0,20220625,20220716
IDFM:175061,1,0,0,0,0,0,0,20220627,20220711
IDFM:175190,0,0,0,0,1,0,0,20220624,20220708
IDFM:175205,0,0,0,0,0,0,1,20220626,20220717
IDFM:175303,0,0,0,0,1,1,1,20220715,20220717
IDFM:175310,1,0,0,0,0,0,0,20220627,20220721
IDFM:175313,0,0,0,0,0,1,0,20220702,20220714
IDFM:178306,0,1,1,0,0,0,0,20220705,20220713
IDFM:178430,0,0,0,0,0,1,0,20220622,20220716
IDFM:179352,1,1,1,1,1,0,0,20220622,20220721
IDFM:180417,1,1,0,0,0,0,0,20220627,20220628
IDFM:180418,1,1,1,0,0,0,0,20220627,20220629
IDFM:180419,1,1,1,1,0,0,0,20220627,20220630
IDFM:180420,0,0,1,1,0,0,0,20220629,20220630
IDFM:180432,0,0,0,1,0,0,0,20220623,20220623
IDFM:180444,0,0,1,1,1,0,0,20220622,20220624
IDFM:180446,0,0,1,0,1,0,0,20220622,20220624
IDFM:180448,0,0,1,0,0,0,0,20220622,20220630
IDFM:180452,0,0,1,0,0,0,0,20220622,20220629
IDFM:180478,0,1,1,1,0,0,0,20220702,20220721
IDFM:180486,0,1,1,0,0,0,0,20220628,20220629
IDFM:180538,1,1,1,0,0,0,0,20220701,20220720
IDFM:180690,0,0,1,0,0,0,0,20220629,20220629
IDFM:180806,0,0,1,0,0,1,0,20220622,20220625
IDFM:180897,0,0,1,0,0,0,0,20220622,20220622
IDFM:181486,1,1,0,1,0,0,0,20220627,20220630
IDFM:181495,0,0,0,1,1,0,0,20220623,20220624
IDFM:181508,0,1,1,0,1,0,0,20220628,20220701
IDFM:181840,0,0,1,0,1,1,0,20220622,20220625
IDFM:182286,0,0,1,1,0,0,0,20220622,20220623
IDFM:182892,0,0,0,0,1,0,0,20220701,20220713
IDFM:183757,0,1,1,1,1,1,0,20220622,20220721
IDFM:184180,1,1,0,0,0,0,0,20220704,20220712
IDFM:185299,0,1,1,1,1,0,0,20220622,20220721
IDFM:185328,1,1,1,1,0,0,0,20220622,20220721
IDFM:186395,1,1,1,1,1,1,0,20220622,20220721
IDFM:187293,0,1,1,1,1,0,0,20220628,20220701
IDFM:187846,0,0,1,0,1,0,0,20220622,20220713
IDFM:187852,1,1,1,1,0,0,0,20220627,20220721
IDFM:187917,0,0,0,0,1,0,0,20220624,20220713
IDFM:187922,0,1,1,1,0,0,0,20220622,20220721
IDFM:187926,1,0,0,0,0,0,0,20220627,20220718
IDFM:191948,1,1,0,1,0,0,0,20220623,20220721
IDFM:192102,0,0,0,1,0,0,0,20220623,20220721
IDFM:192361,1,1,1,1,1,0,1,20220622,20220721
IDFM:192368,0,0,0,1,0,1,0,20220623,20220721
IDFM:192371,0,1,1,0,1,0,0,20220622,20220720
IDFM:192383,0,0,1,0,1,0,0,20220622,20220720
IDFM:195061,0,1,1,1,1,1,0,20220622,20220721
IDFM:197200,0,0,0,0,0,1,0,20220626,20220716
IDFM:197203,0,0,0,0,0,1,0,20220626,20220716
IDFM:197209,0,0,0,0,1,0,0,20220625,20220715
IDFM:197585,0,0,0,1,0,0,0,20220623,20220630
IDFM:207134,1,0,1,1,0,0,0,20220622,20220721
IDFM:207135,0,1,0,0,1,0,0,20220624,20220719
IDFM:207202,0,1,0,0,0,0,0,20220701,20220719
IDFM:207209,0,1,0,0,0,0,0,20220705,20220719
IDFM:207219,1,0,1,1,0,0,0,20220704,20220721
IDFM:207262,0,0,1,1,0,0,0,20220622,20220630
IDFM:207467,0,0,0,0,0,1,0,20220625,20220714
IDFM:207473,0,0,1,0,0,1,0,20220622,20220720
IDFM:207476,0,1,0,1,1,0,0,20220623,20220721
IDFM:207525,0,1,0,0,0,0,0,20220624,20220719
IDFM:207583,0,0,0,0,1,0,0,20220624,20220713
IDFM:207588,0,1,0,0,0,0,0,20220628,20220719
IDFM:207786,0,1,0,1,0,0,0,20220705,20220721
IDFM:207887,0,0,0,1,1,0,0,20220623,20220701
IDFM:208156,0,0,1,0,0,0,0,20220702,20220720
IDFM:209781,0,0,0,0,1,1,0,20220625,20220716
IDFM:209796,0,1,1,0,0,1,0,20220702,20220721
IDFM:209866,1,1,0,0,1,0,0,20220701,20220721
IDFM:210665,1,1,0,0,1,1,0,20220701,20220721
IDFM:216922,0,1,1,1,1,0,0,20220622,20220721
IDFM:216986,1,1,1,1,0,0,0,20220622,20220721
IDFM:219076,0,1,0,0,1,0,0,20220701,20220719
IDFM:219350,0,0,1,0,0,1,0,20220702,20220720
IDFM:219352,0,1,0,1,0,0,0,20220705,20220721
IDFM:219404,1,0,1,1,0,0,0,20220704,20220721
IDFM:228277,1,1,0,1,1,0,0,20220623,20220721
IDFM:228527,1,1,0,1,0,0,0,20220623,20220721
IDFM:228808,1,0,1,1,0,0,0,20220622,20220721
IDFM:229227,0,0,1,1,0,0,0,20220622,20220630
IDFM:232873,0,0,0,0,0,1,0,20220702,20220721
IDFM:232884,0,0,1,1,1,1,0,20220622,20220625
IDFM:234342,0,1,1,1,0,0,0,20220712,20220721
IDFM:235027,1,1,1,1,0,0,0,20220622,20220721
IDFM:236650,0,1,1,1,0,1,0,20220702,20220721
IDFM:236662,1,1,1,1,1,0,0,20220701,20220721
IDFM:237277,1,1,1,1,1,0,0,20220622,20220721
IDFM:241531,0,0,0,0,0,1,1,20220626,20220717
IDFM:243078,0,1,1,1,0,0,0,20220712,20220714
IDFM:243300,1,1,1,0,0,0,0,20220711,20220713
IDFM:246823,1,1,1,1,0,0,0,20220707,20220721
IDFM:246824,0,0,1,0,0,0,0,20220622,20220715
IDFM:255267,1,1,1,1,0,0,0,20220622,20220721
IDFM:259236,0,0,1,0,1,0,0,20220622,20220713
IDFM:264757,1,1,1,1,0,0,0,20220622,20220721
IDFM:264763,1,1,1,0,1,0,0,20220624,20220721
IDFM:265042,0,0,1,0,0,0,0,20220622,20220713
IDFM:265076,1,1,0,0,0,0,0,20220624,20220721
IDFM:265128,0,0,0,1,0,1,0,20220622,20220714
IDFM:265507,0,0,1,0,1,0,0,20220622,20220720
IDFM:265724,0,0,1,0,0,0,0,20220701,20220720
IDFM:267098,0,0,0,0,0,0,1,20220703,20220717
IDFM:269571,1,1,1,1,1,0,0,20220622,20220721
IDFM:269657,0,1,1,1,1,1,0,20220622,20220721
IDFM:270709,0,0,1,1,1,0,0,20220622,20220721
IDFM:270888,0,1,1,1,0,0,0,20220622,20220721
IDFM:271059,1,0,0,0,1,0,0,20220624,20220718
IDFM:271154,0,1,1,1,0,0,1,20220622,20220721
IDFM:274243,0,0,0,0,0,0,1,20220625,20220717
IDFM:282059,0,0,0,0,0,1,0,20220622,20220716
IDFM:286484,0,0,0,0,0,1,0,20220702,20220717
IDFM:287916,0,0,0,0,0,1,1,20220625,20220717
IDFM:292243,0,0,0,0,0,1,1,20220625,20220717
IDFM:293084,1,1,1,1,1,1,1,20220622,20220721
IDFM:293164,1,1,0,1,1,0,0,20220623,20220721
IDFM:294882,0,0,1,0,0,0,0,20220720,20220720
IDFM:294902,1,1,0,1,0,0,0,20220718,20220721
IDFM:294928,1,1,0,0,1,0,0,20220701,20220712
IDFM:295082,0,0,1,0,0,0,0,20220706,20220713
IDFM:295430,0,0,0,0,0,1,1,20220625,20220626
IDFM:295956,1,1,1,0,1,1,0,20220622,20220721
IDFM:300340,0,0,0,0,0,1,1,20220625,20220717
IDFM:305905,0,0,0,0,0,0,1,20220626,20220717
IDFM:305971,1,1,1,1,0,0,0,20220622,20220721
IDFM:306078,0,0,1,1,0,0,0,20220622,20220630
IDFM:306093,1,1,1,1,1,0,0,20220630,20220721
IDFM:306223,0,0,0,0,0,1,0,20220622,20220716
IDFM:306224,1,1,1,1,1,1,1,20220701,20220721
IDFM:306334,1,1,1,1,1,1,1,20220626,20220721
IDFM:306372,1,1,1,1,1,1,1,20220625,20220721
IDFM:306968,1,1,1,1,1,1,0,20220622,20220715
IDFM:306971,0,0,0,0,0,0,1,20220626,20220714
IDFM:307022,1,1,1,1,0,1,0,20220622,20220712
IDFM:307049,0,0,0,0,0,0,1,20220626,20220721
IDFM:307138,1,1,1,0,1,1,0,20220701,20220715
IDFM:307144,0,0,0,0,1,1,0,20220624,20220625
IDFM:307524,0,0,0,0,0,1,0,20220625,20220716
IDFM:309199,0,0,0,1,0,1,0,20220714,20220716
IDFM:309212,0,0,0,0,0,1,0,20220625,20220716
IDFM:309242,0,0,0,0,1,0,1,20220715,20220717
IDFM:309620,0,1,1,1,1,1,0,20220623,20220721
IDFM:309989,0,1,1,1,1,0,0,20220623,20220721
IDFM:312163,0,0,0,0,1,0,0,20220624,20220715
IDFM:316518,0,0,1,1,1,0,0,20220622,20220715
IDFM:318645,0,0,0,0,0,0,1,20220710,20220717
IDFM:318670,1,0,0,0,0,0,0,20220711,20220718
IDFM:318674,0,0,0,0,0,1,0,20220709,20220716
IDFM:318709,0,0,0,0,0,0,1,20220626,20220717
IDFM:318914,0,0,0,0,1,0,0,20220708,20220715
IDFM:320525,0,0,0,0,0,1,0,20220625,20220717
IDFM:323514,0,0,0,1,1,0,0,20220623,20220701
IDFM:335041,1,1,1,1,0,1,1,20220622,20220721
IDFM:336817,1,1,1,1,1,0,0,20220623,20220721
IDFM:336847,0,0,0,1,0,0,0,20220623,20220630
IDFM:337417,0,0,0,0,0,0,1,20220703,20220717
IDFM:337970,0,0,0,0,1,0,0,20220624,20220701
IDFM:339140,1,1,1,0,1,0,0,20220622,20220721
IDFM:339146,1,1,1,1,1,0,1,20220622,20220721
IDFM:339594,0,0,0,0,0,1,1,20220626,20220717
IDFM:339595,1,1,1,1,1,0,0,20220623,20220721
IDFM:339611,1,1,1,1,1,1,1,20220622,20220721
IDFM:341031,1,1,1,1,1,0,0,20220623,20220721
IDFM:341431,1,1,1,1,1,0,0,20220622,20220721
IDFM:341729,0,0,0,0,0,1,0,20220702,20220702
IDFM:341754,0,0,0,0,0,0,1,20220703,20220703
IDFM:341914,0,0,0,0,0,1,1,20220702,20220703
IDFM:342007,1,0,0,0,0,0,0,20220704,20220704
IDFM:342446,1,1,1,1,1,0,0,20220627,20220701
IDFM:342476,1,1,1,1,1,1,1,20220627,20220703
IDFM:342478,0,0,0,0,0,0,1,20220626,20220717
IDFM:342492,1,0,0,0,0,0,0,20220627,20220718
IDFM:342496,0,0,0,0,0,1,0,20220625,20220716
IDFM:342611,0,0,0,0,0,0,1,20220626,20220717
IDFM:342701,0,0,0,0,0,1,1,20220625,20220717
IDFM:343402,1,1,1,1,1,1,1,20220622,20220721
IDFM:343403,1,1,1,1,1,0,0,20220622,20220721
IDFM:345114,1,1,1,1,0,1,1,20220625,20220721
IDFM:345696,1,1,1,1,0,0,1,20220622,20220721
IDFM:346626,0,0,0,0,1,1,0,20220624,20220716
IDFM:350972,1,1,0,0,0,0,1,20220626,20220721
IDFM:352964,0,0,0,0,1,1,0,20220625,20220716
IDFM:354216,0,0,1,0,0,0,0,20220622,20220629
IDFM:354370,1,1,1,1,1,1,1,20220623,20220721
IDFM:354371,1,1,1,0,0,0,0,20220625,20220721
IDFM:354373,0,0,0,1,0,1,1,20220623,20220717
IDFM:356338,0,0,0,1,0,0,0,20220623,20220721
IDFM:357186,0,0,0,0,0,1,1,20220622,20220717
IDFM:358544,1,1,1,1,1,0,0,20220623,20220721
IDFM:358695,1,0,0,0,0,0,1,20220626,20220718
IDFM:361424,0,0,0,0,1,1,1,20220624,20220717
IDFM:363610,0,0,0,1,0,0,0,20220623,20220721
IDFM:363616,0,0,0,1,1,0,0,20220623,20220721
IDFM:363638,0,0,1,1,1,0,0,20220622,20220721
IDFM:363683,0,1,1,0,0,0,0,20220622,20220720
IDFM:363684,0,1,1,0,1,0,0,20220622,20220720
IDFM:363860,0,0,1,1,0,0,0,20220622,20220721
IDFM:364308,0,1,1,1,1,0,0,20220705,20220721
IDFM:364322,1,1,1,1,0,0,0,20220704,20220721
IDFM:366408,0,0,0,0,1,0,0,20220622,20220715
IDFM:366937,1,1,1,0,0,1,0,20220625,20220721
IDFM:367036,0,0,0,0,1,1,0,20220622,20220716
IDFM:368970,0,0,0,0,1,1,0,20220701,20220716
IDFM:368971,1,1,1,1,0,0,1,20220629,20220721
IDFM:368975,1,1,1,1,0,0,0,20220630,20220721
IDFM:369388,0,0,0,0,0,1,1,20220622,20220717
IDFM:369419,0,0,1,0,0,0,0,20220622,20220629
IDFM:369422,0,0,1,0,0,1,1,20220622,20220626
IDFM:369445,0,0,1,1,0,0,0,20220622,20220630
IDFM:369519,0,0,0,0,0,0,1,20220626,20220717
IDFM:369603,1,1,1,1,1,1,1,20220625,20220721
IDFM:369604,1,1,1,1,1,1,1,20220624,20220721
IDFM:374839,0,1,0,0,1,0,0,20220624,20220719
IDFM:374996,1,0,1,1,0,0,0,20220622,20220721
IDFM:375509,0,1,0,1,1,0,0,20220623,20220721
IDFM:375790,1,0,1,1,0,1,0,20220622,20220721
IDFM:379919,0,0,0,0,0,1,0,20220625,20220716
IDFM:379984,1,1,1,1,1,0,0,20220622,20220721
IDFM:380094,1,1,1,1,1,0,0,20220622,20220721
IDFM:380122,1,1,1,1,1,1,0,20220701,20220721
IDFM:381262,0,0,1,0,0,0,0,20220622,20220629
IDFM:381283,1,1,1,1,1,1,1,20220630,20220721
IDFM:382399,0,1,1,1,0,1,0,20220701,20220721
IDFM:383361,1,1,1,1,1,0,0,20220622,20220721
IDFM:384708,0,0,0,0,0,1,1,20220702,20220717
IDFM:384712,1,1,1,0,0,0,0,20220627,20220721
IDFM:393690,1,1,1,1,1,0,0,20220622,20220712
IDFM:393904,0,1,1,1,1,1,0,20220622,20220713
IDFM:394584,0,1,1,1,1,0,0,20220622,20220713
IDFM:394641,1,1,1,1,1,1,0,20220622,20220712
IDFM:395965,0,1,1,1,1,1,0,20220628,20220702
IDFM:397036,1,1,1,1,1,0,0,20220622,20220708
IDFM:397220,1,1,1,1,1,1,0,20220622,20220709
IDFM:397283,1,1,1,1,0,0,0,20220622,20220706
IDFM:398108,0,0,1,0,0,0,0,20220622,20220708
IDFM:398115,1,1,0,1,1,0,0,20220623,20220708
IDFM:398243,1,1,1,1,1,0,1,20220622,20220710
IDFM:398265,1,0,1,1,0,0,0,20220622,20220706
IDFM:398590,1,1,0,1,0,0,0,20220623,20220705
IDFM:399100,0,0,0,0,0,1,0,20220709,20220709
IDFM:399408,1,1,1,1,1,1,1,20220622,20220710
IDFM:399952,0,1,0,0,0,0,0,20220628,20220705
IDFM:401521,0,0,1,0,0,0,0,20220622,20220721
IDFM:402512,0,0,0,0,0,0,1,20220626,20220717
IDFM:403261,1,1,1,1,1,0,0,20220622,20220721
IDFM:404292,1,1,1,1,0,1,1,20220625,20220721
IDFM:404329,1,1,1,1,0,0,1,20220626,20220721
IDFM:404648,1,1,1,1,1,1,1,20220708,20220721
IDFM:404675,1,0,0,0,0,0,0,20220711,20220711
IDFM:406029,1,1,1,1,0,0,0,20220622,20220707
IDFM:406257,1,0,1,1,1,0,0,20220622,20220711
IDFM:409912,0,0,0,1,1,0,0,20220707,20220708
IDFM:411445,1,1,1,1,0,0,0,20220622,20220708
IDFM:413548,1,1,1,1,1,1,0,20220704,20220721
IDFM:415676,0,0,0,0,1,1,0,20220624,20220716
IDFM:415684,1,1,1,1,0,0,1,20220622,20220721
IDFM:415727,1,1,1,1,0,1,1,20220622,20220721
IDFM:416844,1,1,0,0,1,0,0,20220708,20220721
IDFM:417819,1,1,1,0,0,0,0,20220711,20220721
IDFM:419682,0,0,0,0,0,1,0,20220625,20220721
IDFM:423780,1,1,1,1,1,1,1,20220622,20220707
IDFM:424327,0,1,1,0,0,0,0,20220712,20220721
IDFM:424484,0,1,1,1,1,0,0,20220622,20220707
IDFM:426111,0,0,0,0,0,1,0,20220708,20220716
IDFM:426581,1,1,1,1,0,0,1,20220710,20220721
IDFM:427522,1,1,1,0,0,1,0,20220709,20220721
IDFM:429193,0,0,0,0,0,0,1,20220708,20220717
IDFM:429258,1,1,1,1,1,0,1,20220622,20220707
IDFM:431527,0,0,1,0,1,0,0,20220706,20220715
IDFM:431568,1,1,1,1,1,0,0,20220622,20220705
IDFM:432958,0,0,1,1,1,1,0,20220622,20220702
IDFM:433034,1,1,1,1,1,0,0,20220622,20220715
IDFM:433073,0,0,0,0,0,0,1,20220627,20220717
IDFM:433099,0,0,0,0,0,1,1,20220625,20220717
IDFM:434116,0,0,1,0,0,1,0,20220622,20220702
IDFM:434503,0,0,0,0,0,1,1,20220709,20220717
IDFM:434602,1,1,1,1,1,1,1,20220704,20220721
IDFM:434670,1,1,1,1,1,0,0,20220704,20220721
IDFM:434895,0,1,1,1,1,0,0,20220622,20220721
IDFM:434898,1,1,1,1,0,0,0,20220622,20220721
IDFM:434974,0,0,0,0,0,1,0,20220709,20220716
IDFM:436076,0,0,0,0,1,0,0,20220708,20220715
IDFM:436902,1,1,1,1,0,1,0,20220622,20220721
IDFM:436936,1,1,1,0,0,0,0,20220622,20220720
IDFM:436938,0,0,0,1,0,0,0,20220721,20220721
IDFM:436940,1,1,1,0,0,0,0,20220718,20220720
IDFM:436962,1,1,1,0,0,0,0,20220622,20220720
IDFM:437167,0,0,0,0,1,0,0,20220708,20220715
IDFM:437186,0,0,0,1,0,0,0,20220623,20220721
IDFM:437205,1,1,1,1,0,0,0,20220622,20220721
IDFM:441638,1,1,0,1,0,0,0,20220623,20220721
IDFM:442135,0,0,1,0,0,0,0,20220622,20220720
IDFM:448620,1,1,1,1,1,1,0,20220707,20220721
IDFM:453705,1,1,0,1,1,1,0,20220623,20220709
IDFM:455215,1,1,1,1,1,1,1,20220623,20220721
IDFM:455232,0,0,0,1,1,0,0,20220623,20220701
IDFM:455385,0,0,0,1,1,1,0,20220623,20220625
IDFM:455391,0,1,1,1,1,1,0,20220623,20220721
IDFM:455392,0,1,1,1,1,1,0,20220623,20220721
IDFM:455470,0,0,0,0,0,0,1,20220626,20220714
IDFM:455471,0,0,0,0,0,1,1,20220625,20220714
IDFM:455474,0,0,0,0,0,1,0,20220625,20220709
IDFM:455540,1,1,1,1,1,0,0,20220623,20220713
IDFM:455660,0,0,0,0,0,1,1,20220702,20220714
IDFM:455682,0,0,0,0,0,1,0,20220702,20220721
IDFM:455742,0,1,0,0,0,0,0,20220719,20220719
IDFM:455782,0,0,1,0,0,0,0,20220622,20220713
IDFM:455783,1,1,1,1,1,0,0,20220627,20220708
IDFM:455877,1,1,1,1,1,1,0,20220622,20220713
IDFM:455879,0,0,0,0,0,0,1,20220626,20220714
IDFM:455889,0,0,0,0,0,1,1,20220625,20220714
IDFM:455919,0,0,0,0,0,1,0,20220625,20220714
IDFM:456108,1,0,0,0,0,0,1,20220627,20220715
IDFM:456114,0,0,0,0,0,1,1,20220626,20220721
IDFM:456316,1,0,1,1,1,0,0,20220622,20220713
IDFM:456342,1,1,1,1,1,1,1,20220622,20220714
IDFM:456346,1,1,1,1,1,0,1,20220622,20220714
IDFM:456508,0,0,0,0,0,0,1,20220703,20220715
IDFM:457249,1,0,0,0,0,0,1,20220626,20220715
IDFM:457399,0,0,0,0,0,0,1,20220626,20220711
IDFM:457401,0,1,1,1,1,1,0,20220705,20220709
IDFM:457404,1,0,0,0,0,0,1,20220626,20220711
IDFM:457405,1,0,0,0,0,0,1,20220626,20220711
IDFM:457406,0,0,0,0,0,1,1,20220625,20220716
IDFM:457416,1,1,1,1,1,1,1,20220622,20220716
IDFM:457418,0,0,0,0,0,1,1,20220625,20220716
IDFM:457420,0,0,0,0,0,1,1,20220625,20220716
IDFM:457432,0,0,0,0,0,1,1,20220625,20220716
IDFM:457474,1,0,1,1,0,0,0,20220718,20220721
IDFM:457567,1,1,1,1,1,0,0,20220623,20220715
IDFM:457632,0,1,1,0,0,0,0,20220705,20220706
IDFM:457635,1,1,1,0,1,0,0,20220704,20220715
IDFM:457714,0,0,0,1,1,0,0,20220623,20220701
IDFM:457716,0,1,1,1,0,1,0,20220712,20220716
IDFM:457722,0,0,0,0,0,0,1,20220710,20220710
IDFM:457783,1,1,1,0,0,0,0,20220704,20220716
IDFM:457863,0,0,0,0,0,1,0,20220625,20220702
IDFM:457881,1,1,1,0,1,0,0,20220704,20220715
IDFM:457893,1,1,1,1,1,0,1,20220703,20220717
IDFM:457894,1,0,0,1,1,0,1,20220703,20220717
IDFM:457895,0,0,0,0,0,0,1,20220703,20220717
IDFM:457910,0,0,1,1,1,1,0,20220622,20220702
IDFM:457917,1,1,1,1,1,1,1,20220622,20220717
IDFM:457942,1,0,0,0,1,0,0,20220704,20220715
IDFM:457952,1,1,1,1,1,0,0,20220703,20220715
IDFM:457953,1,0,0,1,1,0,0,20220703,20220715
IDFM:457961,0,0,0,0,0,0,1,20220703,20220717
IDFM:457980,0,0,1,1,1,0,0,20220622,20220701
IDFM:457990,0,0,0,1,1,1,0,20220623,20220702
IDFM:458016,1,1,1,1,1,0,0,20220703,20220715
IDFM:458018,1,1,1,1,0,0,0,20220703,20220721
IDFM:458039,0,0,0,0,0,0,1,20220626,20220710
IDFM:458047,0,0,0,0,0,0,1,20220703,20220714
IDFM:458048,1,1,1,1,1,0,1,20220703,20220715
IDFM:458082,1,0,0,0,1,0,0,20220704,20220715
IDFM:458107,1,1,1,1,1,0,0,20220627,20220721
IDFM:458243,0,1,0,0,0,0,0,20220712,20220712
IDFM:458245,0,0,1,0,0,0,0,20220705,20220716
IDFM:458246,0,0,1,0,0,0,0,20220705,20220713
IDFM:458251,0,1,0,0,0,0,0,20220705,20220712
IDFM:458252,0,1,1,0,0,0,0,20220705,20220713
IDFM:458254,1,1,0,0,0,0,0,20220711,20220712
IDFM:458256,0,0,1,0,0,0,0,20220629,20220706
IDFM:458258,0,0,1,0,0,0,0,20220629,20220706
IDFM:458259,0,1,0,0,0,0,0,20220628,20220712
IDFM:458266,0,1,1,0,0,0,0,20220628,20220706
IDFM:458268,0,0,0,0,1,0,0,20220627,20220717
IDFM:458355,0,0,0,0,0,0,1,20220626,20220710
IDFM:458361,0,0,0,0,0,1,0,20220625,20220709
IDFM:458363,1,1,1,1,1,0,0,20220622,20220715
IDFM:458369,1,0,1,1,1,0,0,20220622,20220721
IDFM:458372,1,1,1,1,1,1,1,20220622,20220721
IDFM:458377,1,0,0,1,1,1,0,20220622,20220715
IDFM:458379,0,0,0,0,0,1,0,20220625,20220714
IDFM:458380,0,0,0,0,0,1,1,20220625,20220717
IDFM:458384,0,0,0,0,0,1,1,20220625,20220721
IDFM:458387,0,0,0,0,0,1,0,20220625,20220717
IDFM:458423,1,0,0,1,1,1,0,20220622,20220715
IDFM:458424,1,0,0,1,1,0,0,20220622,20220715
IDFM:458425,1,1,1,1,1,0,0,20220622,20220721
IDFM:458456,1,1,1,1,1,1,0,20220622,20220715
IDFM:458461,1,1,1,1,1,1,1,20220622,20220721
IDFM:458462,1,0,0,1,1,1,0,20220622,20220715
IDFM:458463,1,0,0,1,1,1,1,20220622,20220721
IDFM:458464,1,0,0,1,1,1,0,20220622,20220715
IDFM:458466,1,0,0,1,1,1,1,20220622,20220721
IDFM:458494,0,0,0,0,0,1,1,20220625,20220710
IDFM:458549,0,0,1,1,0,0,0,20220622,20220721
IDFM:458551,1,1,1,1,1,0,0,20220622,20220721
IDFM:458948,0,0,0,0,0,1,1,20220709,20220710
IDFM:459003,1,1,1,0,0,0,0,20220704,20220713
IDFM:459037,0,1,1,0,0,0,0,20220712,20220713
IDFM:459126,1,1,1,1,1,0,1,20220703,20220717
IDFM:459148,1,0,1,1,1,0,0,20220622,20220715
IDFM:459176,1,0,0,0,1,0,0,20220704,20220715
IDFM:459195,0,0,0,1,1,0,0,20220622,20220701
IDFM:459215,1,0,0,0,1,0,0,20220704,20220715
IDFM:459216,1,0,0,0,1,0,0,20220704,20220715
IDFM:459243,0,0,0,1,1,1,0,20220622,20220702
IDFM:459257,0,0,0,1,1,1,0,20220622,20220702
IDFM:459259,1,0,0,1,1,0,0,20220703,20220715
IDFM:459311,0,0,0,1,1,1,0,20220622,20220702
IDFM:459328,0,0,0,1,1,0,0,20220622,20220701
IDFM:459363,1,1,1,1,1,1,0,20220623,20220721
IDFM:459365,1,1,1,1,1,1,0,20220623,20220721
IDFM:459412,1,1,1,0,1,0,0,20220627,20220718
IDFM:459433,1,1,1,1,1,0,0,20220704,20220721
IDFM:459434,1,1,0,0,0,0,0,20220704,20220712
IDFM:459441,1,1,1,1,1,1,1,20220622,20220721
IDFM:459527,0,0,0,0,0,1,1,20220625,20220717
IDFM:459529,0,0,0,0,0,1,1,20220702,20220717
IDFM:459538,1,1,1,0,1,0,0,20220627,20220718
IDFM:459539,1,1,1,1,1,0,0,20220623,20220721
IDFM:459540,0,0,0,0,0,0,1,20220625,20220721
IDFM:459552,1,1,1,1,1,0,0,20220622,20220715
IDFM:459557,1,1,1,1,1,0,0,20220622,20220715
IDFM:459610,1,1,1,1,1,0,1,20220622,20220721
IDFM:459703,1,1,1,1,1,0,0,20220622,20220715
IDFM:459708,1,1,1,1,1,1,1,20220622,20220717
IDFM:459788,0,0,0,0,0,1,1,20220625,20220717
IDFM:459793,1,1,1,1,1,0,1,20220622,20220717
IDFM:459810,0,0,1,1,1,0,1,20220622,20220717
IDFM:459870,1,0,0,0,0,0,0,20220703,20220718
IDFM:459899,1,1,1,1,1,1,1,20220622,20220717
IDFM:459916,0,0,0,0,0,1,1,20220625,20220717
IDFM:459928,0,0,1,1,1,1,1,20220622,20220717
IDFM:459934,1,1,1,1,1,0,0,20220622,20220715
IDFM:460012,0,0,0,1,0,1,1,20220622,20220717
IDFM:460033,0,0,0,0,0,0,1,20220625,20220717
IDFM:460104,1,1,1,1,1,0,0,20220622,20220715
IDFM:460127,0,0,0,0,0,0,1,20220702,20220710
IDFM:460171,0,0,1,1,1,1,1,20220622,20220717
IDFM:460435,1,1,1,1,1,1,1,20220623,20220717
IDFM:460654,0,0,0,0,0,1,0,20220709,20220717
IDFM:460656,1,1,1,1,1,1,1,20220704,20220721
IDFM:460669,0,0,0,0,0,1,1,20220702,20220717
IDFM:460676,1,1,1,1,0,1,0,20220702,20220721
IDFM:460692,1,1,1,1,1,1,1,20220623,20220721
IDFM:460695,1,1,1,1,1,0,0,20220622,20220721
IDFM:460698,1,1,1,1,1,1,1,20220622,20220721
IDFM:460712,1,1,1,1,1,1,0,20220622,20220721
IDFM:460713,1,1,1,1,1,0,0,20220622,20220721
IDFM:460715,0,0,1,1,1,0,0,20220622,20220701
IDFM:460772,1,1,1,1,1,0,0,20220622,20220715
IDFM:460791,1,1,1,1,1,1,1,20220622,20220721
IDFM:460804,1,1,1,1,1,0,0,20220622,20220721
IDFM:460807,0,0,0,0,0,1,0,20220625,20220716
IDFM:460817,0,0,0,0,0,1,1,20220622,20220717
IDFM:460860,1,1,1,1,1,1,1,20220622,20220717
IDFM:460919,1,1,1,1,1,0,1,20220622,20220721
IDFM:460930,1,1,1,1,1,0,1,20220622,20220717
IDFM:460940,1,1,1,1,1,0,0,20220622,20220721
IDFM:460948,1,1,1,1,1,1,1,20220622,20220721
IDFM:460999,1,1,1,1,1,1,1,20220622,20220717
IDFM:461015,1,1,1,1,1,1,0,20220622,20220721
IDFM:461057,1,1,1,1,1,0,0,20220622,20220715
IDFM:461071,1,1,1,1,1,0,0,20220622,20220717
IDFM:461076,1,1,1,1,1,0,0,20220622,20220721
IDFM:461080,1,1,1,1,1,0,0,20220622,20220721
IDFM:461083,1,1,1,1,1,0,0,20220622,20220721
IDFM:461084,1,1,1,1,1,0,0,20220622,20220721
IDFM:461092,0,0,0,0,0,0,1,20220702,20220717
IDFM:461093,1,1,1,1,0,0,1,20220702,20220721
IDFM:461094,1,1,1,1,0,0,0,20220702,20220721
IDFM:461095,1,1,1,1,1,0,1,20220702,20220717
IDFM:461112,1,1,1,0,0,0,0,20220702,20220721
IDFM:461130,0,0,1,1,1,0,0,20220622,20220716
IDFM:461133,1,1,1,1,1,0,0,20220622,20220715
IDFM:461141,1,1,1,0,0,0,0,20220702,20220721
IDFM:461146,1,1,1,1,0,0,0,20220702,20220721
IDFM:461150,1,1,1,1,0,0,0,20220702,20220721
IDFM:461152,1,1,1,1,0,0,0,20220702,20220721
IDFM:461158,1,1,1,1,1,1,1,20220625,20220721
IDFM:461169,0,0,0,0,0,1,1,20220625,20220717
IDFM:461190,0,0,0,1,0,0,0,20220707,20220707
IDFM:461193,1,1,0,0,0,0,0,20220627,20220715
IDFM:461195,0,0,0,0,0,1,0,20220625,20220716
IDFM:461199,1,1,1,1,0,1,1,20220622,20220721
IDFM:461201,1,1,1,1,1,1,1,20220622,20220721
IDFM:461202,0,0,1,1,1,1,1,20220622,20220721
IDFM:461205,1,1,1,1,1,1,1,20220622,20220721
IDFM:461226,0,0,0,0,0,0,1,20220704,20220717
IDFM:461228,0,0,0,0,0,1,0,20220625,20220716
IDFM:461243,0,0,0,0,0,1,1,20220625,20220721
IDFM:461244,1,0,0,0,0,0,1,20220626,20220718
IDFM:461277,0,0,0,0,0,1,0,20220625,20220716
IDFM:461310,1,1,1,1,1,1,1,20220622,20220721
IDFM:461319,0,1,1,0,0,0,0,20220719,20220720
IDFM:461341,0,1,0,0,0,0,0,20220705,20220719
IDFM:461345,1,1,1,1,1,1,0,20220622,20220721
IDFM:461353,1,0,1,1,1,1,1,20220622,20220721
IDFM:461354,1,1,1,1,1,1,1,20220622,20220721
IDFM:461391,1,0,0,0,0,0,1,20220703,20220718
IDFM:461392,1,1,1,1,0,1,1,20220626,20220721
IDFM:461409,1,1,1,1,0,0,1,20220703,20220721
IDFM:461411,1,1,1,0,0,1,0,20220702,20220721
IDFM:461417,1,1,1,1,1,1,1,20220622,20220721
IDFM:461467,0,0,1,1,1,0,1,20220622,20220703
IDFM:461504,1,1,1,1,1,0,1,20220623,20220721
IDFM:461551,0,0,0,0,0,1,1,20220626,20220717
IDFM:461575,1,0,0,0,0,0,1,20220627,20220718
IDFM:461581,1,0,0,0,0,0,1,20220627,20220718
IDFM:461596,0,0,0,0,0,1,1,20220703,20220717
IDFM:461602,1,1,1,1,0,0,1,20220626,20220721
IDFM:461715,1,0,0,0,0,0,1,20220627,20220721
IDFM:461716,1,1,1,1,1,1,1,20220622,20220721
IDFM:461740,1,1,1,1,1,0,1,20220622,20220721
IDFM:461815,0,0,0,0,0,0,1,20220710,20220717
IDFM:461828,0,0,0,0,0,0,1,20220710,20220721
IDFM:461846,0,0,0,0,0,0,1,20220626,20220717
IDFM:461880,1,1,1,1,1,0,0,20220623,20220708
IDFM:461889,1,1,1,1,1,1,0,20220622,20220721
IDFM:461895,0,0,0,0,0,0,1,20220626,20220703
IDFM:461897,1,1,1,1,1,1,0,20220623,20220721
IDFM:461902,0,0,0,0,0,1,0,20220625,20220714
IDFM:461906,1,1,1,1,1,1,0,20220622,20220721
IDFM:461913,1,1,1,1,1,1,0,20220622,20220721
IDFM:461918,1,1,1,1,1,1,0,20220625,20220721
IDFM:461920,0,0,0,0,0,1,1,20220625,20220721
IDFM:461946,0,0,0,0,0,1,1,20220625,20220717
IDFM:461949,0,0,0,0,0,0,1,20220626,20220718
IDFM:461955,1,0,0,0,0,0,0,20220627,20220715
IDFM:461956,0,0,0,0,0,0,1,20220626,20220714
IDFM:461961,0,0,0,0,0,1,1,20220625,20220714
IDFM:461970,1,1,1,1,1,0,0,20220622,20220721
IDFM:462005,0,0,0,0,0,1,1,20220625,20220709
IDFM:462119,0,1,0,0,0,0,0,20220705,20220705
IDFM:462145,1,1,1,1,1,1,1,20220622,20220721
IDFM:462170,0,0,0,0,0,1,1,20220625,20220717
IDFM:462171,1,1,1,1,1,1,0,20220622,20220721
IDFM:462239,1,1,1,1,1,0,0,20220627,20220721
IDFM:462271,1,0,0,0,0,0,1,20220626,20220718
IDFM:462300,0,0,0,0,0,1,0,20220625,20220721
IDFM:462371,1,0,0,0,0,0,0,20220711,20220718
IDFM:462415,1,1,1,0,0,0,0,20220622,20220721
IDFM:462457,1,1,1,1,1,0,0,20220622,20220721
IDFM:462458,0,0,1,1,1,1,0,20220622,20220714
IDFM:462490,1,1,1,1,1,0,0,20220622,20220721
IDFM:462803,1,0,1,1,1,0,0,20220622,20220704
IDFM:462869,0,0,1,0,1,0,0,20220622,20220701
IDFM:462870,0,0,0,1,1,0,0,20220714,20220715
IDFM:462883,1,0,0,0,0,0,1,20220626,20220704
IDFM:462922,1,1,1,1,1,0,0,20220622,20220721
IDFM:462924,1,1,1,0,0,0,0,20220622,20220721
IDFM:462966,1,1,1,1,1,0,0,20220711,20220715
IDFM:462970,1,1,1,1,0,0,0,20220704,20220721
IDFM:462975,1,1,1,1,0,0,0,20220704,20220721
IDFM:462977,1,1,1,1,0,0,0,20220704,20220721
IDFM:462983,0,0,0,1,1,0,0,20220704,20220715
IDFM:462993,1,0,1,0,0,0,0,20220711,20220721
IDFM:463035,1,1,1,1,1,0,0,20220624,20220708
IDFM:463064,1,1,1,1,1,0,0,20220622,20220708
IDFM:463082,0,0,0,0,0,1,1,20220625,20220717
IDFM:463123,0,1,0,0,0,0,0,20220712,20220721
IDFM:463128,1,0,1,0,0,0,0,20220711,20220720
IDFM:463138,0,0,0,0,0,1,1,20220625,20220710
IDFM:463143,0,0,0,0,0,1,1,20220626,20220717
IDFM:463144,0,0,0,0,0,1,1,20220625,20220717
IDFM:463145,0,0,0,0,0,1,1,20220626,20220717
IDFM:463150,0,0,0,0,0,0,1,20220626,20220710
IDFM:463164,0,1,1,1,1,0,0,20220623,20220708
IDFM:463248,0,0,0,0,0,1,1,20220625,20220721
IDFM:463259,1,1,1,1,1,1,1,20220623,20220721
IDFM:463264,0,1,1,1,0,1,0,20220623,20220721
IDFM:463359,0,0,0,1,1,1,1,20220714,20220717
IDFM:463379,0,0,0,0,0,0,1,20220710,20220717
IDFM:463380,0,0,0,0,0,1,1,20220709,20220717
IDFM:463383,0,0,0,0,0,0,1,20220626,20220715
IDFM:463389,0,0,0,0,0,0,1,20220626,20220715
IDFM:463390,0,0,0,0,0,1,0,20220625,20220715
IDFM:463397,0,0,0,0,0,1,1,20220625,20220715
IDFM:463400,0,0,0,0,0,1,0,20220625,20220710
IDFM:463413,1,1,1,1,1,0,0,20220622,20220708
IDFM:463453,1,0,0,0,0,0,1,20220626,20220718
IDFM:463454,0,0,0,0,0,1,1,20220625,20220717
IDFM:463474,0,1,1,1,1,1,0,20220623,20220708
IDFM:463476,0,1,1,1,1,1,0,20220623,20220708
IDFM:463500,1,0,1,0,0,0,0,20220711,20220721
IDFM:463501,1,1,1,1,0,0,1,20220710,20220721
IDFM:463502,1,0,0,0,0,0,1,20220626,20220721
IDFM:463524,0,0,0,0,0,1,1,20220625,20220721
IDFM:463528,0,0,0,0,0,1,1,20220625,20220715
IDFM:463544,0,0,0,0,0,1,0,20220625,20220716
IDFM:463565,1,1,0,0,0,0,0,20220711,20220721
IDFM:463567,1,1,1,1,0,1,1,20220709,20220721
IDFM:463568,1,1,1,1,1,1,1,20220622,20220709
IDFM:463575,0,0,0,0,0,0,1,20220625,20220715
IDFM:463578,0,0,1,1,1,1,1,20220622,20220717
IDFM:463580,0,0,1,1,1,1,1,20220622,20220717
IDFM:463584,0,0,0,0,0,0,1,20220626,20220715
IDFM:463586,0,0,1,1,1,1,0,20220622,20220716
IDFM:463587,1,1,1,1,1,1,1,20220623,20220721
IDFM:463600,1,1,1,1,1,0,0,20220624,20220721
IDFM:463640,0,0,0,0,0,1,1,20220625,20220717
IDFM:463641,0,0,0,0,0,1,1,20220625,20220716
IDFM:463701,0,0,0,0,0,1,1,20220625,20220721
IDFM:463720,1,1,1,1,1,1,1,20220624,20220721
IDFM:463723,1,0,0,0,0,0,1,20220626,20220718
IDFM:463749,0,0,0,1,1,0,1,20220714,20220717
IDFM:463752,0,0,0,0,0,0,1,20220626,20220715
IDFM:463788,0,1,1,1,1,1,0,20220623,20220709
IDFM:463803,0,0,0,0,0,1,0,20220625,20220721
IDFM:463826,1,1,1,1,0,0,0,20220711,20220721
IDFM:463865,0,0,0,0,0,0,1,20220626,20220717
IDFM:463883,1,1,1,0,0,0,0,20220710,20220721
IDFM:463943,1,1,1,1,1,1,1,20220623,20220721
IDFM:463980,1,1,1,1,0,0,1,20220710,20220721
IDFM:464005,0,0,1,0,1,1,0,20220622,20220715
IDFM:464034,0,0,0,0,0,1,0,20220625,20220716
IDFM:464195,0,0,0,0,1,0,0,20220624,20220701
IDFM:464203,1,1,1,1,0,0,0,20220622,20220721
IDFM:464238,0,1,1,1,0,0,0,20220705,20220714
IDFM:464250,0,0,0,1,1,1,0,20220623,20220702
IDFM:464284,1,1,1,1,1,0,0,20220622,20220721
IDFM:464361,1,1,1,1,1,1,0,20220622,20220708
IDFM:464408,1,1,1,1,1,1,0,20220622,20220708
IDFM:464411,1,1,1,1,1,0,0,20220622,20220721
IDFM:464424,1,1,1,1,1,0,0,20220622,20220721
IDFM:464447,1,1,1,1,0,0,0,20220704,20220714
IDFM:464452,0,0,0,0,0,1,1,20220625,20220721
IDFM:464453,1,1,1,1,1,0,0,20220624,20220721
IDFM:464456,0,0,1,1,1,1,1,20220622,20220721
IDFM:464458,1,1,1,1,1,0,0,20220623,20220721
IDFM:464459,1,1,1,1,1,1,1,20220622,20220721
IDFM:464460,0,0,1,0,1,1,1,20220622,20220721
IDFM:464624,0,0,0,0,0,0,1,20220626,20220717
IDFM:464652,1,0,0,0,0,0,1,20220626,20220721
IDFM:464669,1,1,1,1,1,0,0,20220622,20220721
IDFM:464689,0,0,0,0,0,1,1,20220625,20220721
IDFM:464694,1,1,1,1,1,1,0,20220622,20220721
IDFM:464695,1,1,1,1,1,1,1,20220622,20220721
IDFM:464862,0,0,0,0,0,0,1,20220626,20220714
IDFM:464904,1,0,0,0,0,0,1,20220626,20220721
IDFM:464905,1,0,0,0,0,0,1,20220626,20220721
IDFM:464911,1,1,1,1,1,1,1,20220622,20220721
IDFM:464912,1,1,1,1,1,1,1,20220622,20220721
IDFM:464969,0,1,1,1,1,0,0,20220623,20220721
IDFM:464970,0,1,1,1,0,0,0,20220623,20220721
IDFM:465003,1,1,1,1,0,0,0,20220622,20220721
IDFM:465007,1,1,1,1,0,0,0,20220622,20220721
IDFM:465010,0,0,0,0,0,1,1,20220625,20220715
IDFM:465061,1,1,1,1,1,0,0,20220624,20220721
IDFM:465116,1,1,1,1,1,0,0,20220622,20220721
IDFM:465150,0,0,0,0,0,0,1,20220710,20220717
IDFM:465204,1,0,0,0,0,0,1,20220626,20220718
IDFM:465206,0,0,0,0,0,1,1,20220625,20220717
IDFM:465208,0,0,0,0,0,1,1,20220625,20220717
IDFM:465253,1,1,1,1,1,1,1,20220622,20220721
IDFM:465377,0,0,0,1,0,1,0,20220623,20220702
IDFM:465592,1,0,0,0,0,0,1,20220626,20220721
IDFM:465594,0,0,1,1,1,1,1,20220622,20220721
IDFM:465595,0,0,1,1,1,1,1,20220622,20220721
IDFM:465658,1,1,1,1,1,0,0,20220623,20220721
IDFM:465659,0,1,1,1,1,0,0,20220623,20220721
IDFM:465660,0,1,1,1,1,0,0,20220623,20220721
IDFM:466014,1,0,0,0,0,0,1,20220710,20220718
IDFM:466127,0,0,0,0,0,0,1,20220626,20220714
IDFM:466131,1,1,1,1,1,0,0,20220622,20220721
IDFM:466133,1,0,0,0,0,0,0,20220627,20220721
IDFM:466134,0,0,0,0,0,0,1,20220703,20220717
IDFM:466135,0,0,0,0,0,1,1,20220702,20220717
IDFM:466146,1,1,1,1,1,0,0,20220622,20220721
IDFM:466171,1,1,1,1,1,0,0,20220622,20220721
IDFM:466178,0,0,0,0,0,0,1,20220626,20220721
IDFM:466224,1,1,1,1,1,0,0,20220623,20220721
IDFM:466568,0,0,1,1,1,1,0,20220706,20220709
IDFM:466569,0,1,1,1,0,0,0,20220706,20220721
IDFM:466572,1,1,1,1,0,0,0,20220705,20220721
IDFM:466676,0,1,0,1,1,1,0,20220623,20220705
IDFM:466680,1,0,0,1,1,0,0,20220623,20220704
IDFM:466684,0,0,1,1,1,0,0,20220622,20220708
IDFM:466922,0,1,1,1,0,0,0,20220706,20220721
IDFM:467059,0,1,0,1,1,0,0,20220623,20220705
IDFM:467523,0,0,0,1,1,1,0,20220623,20220709
IDFM:467873,0,1,1,1,0,0,0,20220705,20220707
IDFM:469161,1,1,1,1,1,0,0,20220622,20220721
IDFM:469305,1,0,0,1,0,0,0,20220718,20220721
IDFM:469533,0,0,0,0,1,1,0,20220708,20220709
IDFM:469544,0,0,0,1,1,0,0,20220623,20220702
IDFM:469547,0,0,1,1,0,0,0,20220622,20220701
IDFM:469643,1,0,1,1,0,0,0,20220622,20220704
IDFM:469649,0,0,0,0,1,0,0,20220624,20220708
IDFM:469652,0,0,0,1,0,0,0,20220623,20220702
IDFM:469677,1,0,1,1,1,0,0,20220622,20220708
IDFM:469767,0,0,0,0,1,0,0,20220624,20220708
IDFM:470317,0,0,1,0,0,0,0,20220622,20220701
IDFM:470345,0,0,1,1,0,0,0,20220720,20220721
IDFM:470347,1,1,1,1,1,1,1,20220623,20220721
IDFM:470571,1,0,1,1,0,0,0,20220622,20220704
IDFM:470716,1,0,0,0,0,0,1,20220710,20220718
IDFM:471322,0,0,0,1,0,0,0,20220623,20220701
IDFM:471793,1,1,1,1,1,0,0,20220622,20220708
IDFM:472173,0,0,0,0,0,1,0,20220625,20220709
IDFM:472737,1,1,1,1,1,0,0,20220623,20220708
IDFM:472777,1,1,1,1,0,0,0,20220622,20220707
IDFM:472802,0,0,0,0,1,1,1,20220624,20220717
IDFM:472809,1,1,1,1,1,1,0,20220622,20220721
IDFM:472832,0,0,0,0,0,0,1,20220703,20220717
IDFM:472885,1,1,1,1,1,0,0,20220623,20220721
IDFM:472892,1,1,1,1,1,0,0,20220624,20220721
IDFM:472907,1,1,1,1,1,1,1,20220624,20220721
IDFM:472924,0,1,1,1,1,0,0,20220623,20220721
IDFM:472952,0,0,0,1,0,1,1,20220622,20220717
IDFM:472968,0,0,0,0,0,1,0,20220625,20220721
IDFM:472976,1,1,1,1,1,1,1,20220625,20220721
IDFM:472985,0,0,1,1,0,1,1,20220622,20220721
IDFM:472991,1,0,0,1,0,0,0,20220627,20220630
IDFM:472992,1,1,1,1,1,0,0,20220622,20220721
IDFM:472999,0,1,1,1,1,1,0,20220622,20220721
IDFM:473001,1,1,1,0,1,1,0,20220625,20220721
IDFM:473002,1,0,1,1,1,0,1,20220622,20220721
IDFM:473008,0,0,0,0,0,0,1,20220625,20220717
IDFM:473009,0,0,0,0,0,0,1,20220702,20220717
IDFM:473012,1,1,1,1,1,1,1,20220622,20220721
IDFM:473017,1,1,1,1,1,0,0,20220622,20220721
IDFM:473030,1,1,1,1,0,1,1,20220625,20220721
IDFM:473031,1,1,1,1,0,1,1,20220622,20220721
IDFM:473038,1,1,1,1,1,0,0,20220622,20220721
IDFM:473043,1,1,1,1,1,1,1,20220622,20220721
IDFM:473049,1,1,1,1,1,1,1,20220622,20220721
IDFM:473051,1,1,1,1,1,1,0,20220622,20220721
IDFM:473055,0,0,0,0,1,1,0,20220624,20220715
IDFM:473111,1,1,1,1,1,0,0,20220622,20220721
IDFM:473174,0,0,0,0,0,0,1,20220626,20220717
IDFM:473195,1,1,1,1,1,0,0,20220623,20220721
IDFM:473212,1,1,0,0,0,0,0,20220703,20220719
IDFM:473220,0,0,0,0,0,0,1,20220702,20220717
IDFM:473222,1,1,1,1,1,0,0,20220622,20220721
IDFM:473225,0,0,1,1,1,0,0,20220622,20220721
IDFM:473255,1,1,1,1,1,0,1,20220622,20220708
IDFM:473256,1,1,1,1,1,0,0,20220622,20220708
IDFM:473314,1,0,1,0,0,0,0,20220711,20220720
IDFM:473374,0,1,1,1,1,1,0,20220623,20220716
IDFM:473449,1,1,1,1,1,0,0,20220622,20220721
IDFM:473486,1,1,1,1,1,0,1,20220622,20220721
IDFM:473491,1,1,1,1,1,0,1,20220622,20220721
IDFM:473492,1,1,1,1,1,0,0,20220622,20220721
IDFM:473548,0,0,0,0,0,1,0,20220702,20220716
IDFM:473598,1,1,1,1,1,1,1,20220622,20220717
IDFM:473793,1,1,1,1,1,0,0,20220622,20220721
IDFM:473848,0,0,0,0,0,1,1,20220625,20220717
IDFM:473852,1,1,1,1,1,1,1,20220623,20220721
IDFM:473907,1,0,0,0,0,0,1,20220626,20220718
IDFM:474162,0,1,1,1,1,1,0,20220623,20220715
IDFM:474165,1,1,1,1,1,0,0,20220622,20220714
IDFM:474919,0,1,0,0,0,0,0,20220628,20220712
IDFM:474935,1,1,1,1,1,0,0,20220627,20220715
IDFM:476444,0,0,0,1,0,0,0,20220714,20220721
IDFM:477213,0,1,1,1,1,1,0,20220623,20220721
IDFM:477253,0,1,1,1,1,1,0,20220623,20220708
IDFM:477849,1,1,1,1,1,0,0,20220704,20220715
IDFM:477881,0,1,1,1,1,1,0,20220705,20220716
IDFM:477921,1,1,0,1,1,0,0,20220623,20220705
IDFM:478023,1,1,1,1,1,0,0,20220622,20220719
IDFM:478024,0,1,1,1,1,1,0,20220705,20220719
IDFM:478025,0,0,1,1,1,1,0,20220622,20220702
IDFM:478038,1,1,1,1,1,0,0,20220704,20220719
IDFM:478137,1,1,1,1,1,0,0,20220622,20220721
IDFM:478143,0,1,1,1,0,1,0,20220623,20220721
IDFM:478309,0,0,0,0,0,1,0,20220623,20220716
IDFM:478701,0,0,1,1,1,0,0,20220622,20220702
IDFM:478702,0,0,1,1,1,0,0,20220622,20220703
IDFM:478706,0,0,0,1,1,1,0,20220623,20220704
IDFM:478710,0,1,1,1,0,0,0,20220705,20220719
IDFM:478711,1,1,1,1,0,0,0,20220704,20220721
IDFM:479003,1,1,1,1,1,0,0,20220622,20220721
IDFM:479640,1,1,1,1,1,0,0,20220622,20220720
IDFM:479642,1,1,1,1,1,0,0,20220622,20220720
IDFM:479646,1,1,1,1,1,1,0,20220623,20220720
IDFM:479647,0,1,1,1,1,1,0,20220623,20220720
IDFM:479648,1,1,1,1,1,0,0,20220622,20220720
IDFM:479649,1,1,1,1,1,0,0,20220622,20220713
IDFM:479655,1,1,1,1,1,0,1,20220622,20220720
IDFM:479797,1,1,1,1,1,0,1,20220622,20220720
IDFM:479809,1,1,1,0,0,0,0,20220711,20220720
IDFM:479959,0,1,1,1,1,1,0,20220623,20220720
IDFM:480072,0,1,1,1,1,1,0,20220623,20220714
IDFM:480665,0,0,0,1,1,1,1,20220623,20220626
IDFM:480668,1,1,1,1,1,0,0,20220622,20220721
IDFM:480672,1,1,1,1,1,0,0,20220622,20220721
IDFM:480875,0,1,1,1,1,1,0,20220712,20220716
IDFM:481531,0,1,1,1,1,1,0,20220623,20220721
IDFM:481551,0,1,1,1,0,0,0,20220705,20220718
IDFM:481553,0,1,1,1,0,0,0,20220705,20220717
IDFM:481554,1,1,1,0,0,0,0,20220704,20220717
IDFM:481639,1,1,1,1,1,0,0,20220622,20220721
IDFM:482075,0,1,1,1,1,1,0,20220623,20220721
IDFM:482780,1,1,1,1,1,1,0,20220622,20220721
IDFM:483065,1,1,1,1,1,0,0,20220623,20220721
IDFM:483069,1,1,1,1,0,1,0,20220625,20220721
IDFM:483132,1,0,1,1,1,1,1,20220622,20220704
IDFM:483147,1,0,0,0,0,0,0,20220711,20220721
IDFM:483154,1,0,1,1,1,1,0,20220622,20220704
IDFM:483192,0,0,0,0,1,0,0,20220624,20220708
IDFM:483208,1,1,1,1,1,1,1,20220622,20220708
IDFM:483428,1,1,1,1,1,0,1,20220623,20220721
IDFM:483513,1,0,0,0,1,0,0,20220623,20220718
IDFM:483516,0,0,0,1,0,0,1,20220622,20220717
IDFM:483868,0,0,0,0,1,1,0,20220624,20220702
IDFM:484000,0,1,1,1,1,1,0,20220705,20220721
IDFM:484077,1,1,1,1,1,1,1,20220707,20220721
IDFM:484078,1,1,1,1,1,1,0,20220706,20220721
IDFM:484082,1,1,1,1,1,0,0,20220706,20220721
IDFM:484101,1,1,1,1,1,0,1,20220706,20220721
IDFM:484200,0,1,1,1,1,1,0,20220707,20220721
IDFM:484312,0,0,0,1,1,1,0,20220623,20220702
IDFM:484318,0,0,1,1,1,0,0,20220622,20220701
IDFM:484343,1,1,1,1,1,1,0,20220622,20220721
IDFM:484365,0,0,0,0,0,1,0,20220702,20220716
IDFM:484376,1,1,1,1,1,0,0,20220622,20220721
IDFM:484420,0,0,0,0,0,1,0,20220625,20220717
IDFM:484424,0,1,0,0,0,0,0,20220628,20220712
IDFM:484436,1,0,1,1,1,0,0,20220622,20220721
IDFM:484514,1,1,1,1,1,0,0,20220622,20220721
IDFM:484517,1,0,1,1,1,0,1,20220622,20220721
IDFM:484523,1,1,1,1,1,1,0,20220622,20220721
IDFM:484525,1,1,0,0,0,0,0,20220718,20220719
IDFM:484535,0,0,0,0,0,1,1,20220625,20220717
IDFM:484539,1,1,1,0,0,0,0,20220622,20220713
IDFM:484554,0,0,1,1,1,1,0,20220622,20220721
IDFM:484555,0,0,1,1,1,0,0,20220622,20220721
IDFM:484560,1,0,0,0,0,0,0,20220627,20220719
IDFM:484569,1,1,0,0,0,0,0,20220627,20220712
IDFM:484577,1,1,1,1,1,0,0,20220628,20220721
IDFM:484583,0,1,1,1,1,0,0,20220623,20220715
IDFM:484598,0,0,1,1,1,0,0,20220622,20220721
IDFM:484607,1,1,1,1,1,0,0,20220622,20220721
IDFM:484608,1,0,0,0,0,0,0,20220627,20220711
IDFM:484618,0,0,0,1,1,0,0,20220623,20220721
IDFM:484635,1,0,1,1,1,0,0,20220622,20220721
IDFM:484649,1,0,1,1,1,0,0,20220622,20220721
IDFM:484705,0,0,1,0,1,0,0,20220713,20220715
IDFM:484856,0,0,0,0,0,1,1,20220625,20220717
IDFM:484862,1,1,1,1,0,0,0,20220622,20220721
