service_id,date,exception_type
IDFM:10,20220721,1
IDFM:1016,20220713,1
IDFM:1016,20220712,1
IDFM:1016,20220711,1
IDFM:6783,20220714,2
IDFM:6871,20220708,1
IDFM:6871,20220707,1
IDFM:6871,20220715,1
IDFM:6871,20220712,1
IDFM:6871,20220711,1
IDFM:6871,20220721,1
IDFM:6871,20220719,1
IDFM:6871,20220718,1
IDFM:11366,20220714,1
IDFM:11865,20220714,1
IDFM:13577,20220628,1
IDFM:13577,20220627,1
IDFM:14322,20220721,1
IDFM:16031,20220628,1
IDFM:16031,20220627,1
IDFM:16689,20220714,2
IDFM:17751,20220721,1
IDFM:17753,20220715,1
IDFM:20664,20220713,1
IDFM:20664,20220720,1
IDFM:21597,20220625,1
IDFM:21597,20220702,1
IDFM:21755,20220715,1
IDFM:24418,20220717,1
IDFM:24418,20220716,1
IDFM:24418,20220715,1
IDFM:24447,20220716,1
IDFM:24447,20220715,1
IDFM:24802,20220717,1
IDFM:24802,20220715,1
IDFM:25601,20220714,2
IDFM:31740,20220714,2
IDFM:34242,20220625,1
IDFM:34242,20220702,1
IDFM:34242,20220714,1
IDFM:34245,20220625,1
IDFM:34245,20220624,1
IDFM:34245,20220702,1
IDFM:34245,20220701,1
IDFM:34245,20220628,1
IDFM:34245,20220627,1
IDFM:34245,20220705,1
IDFM:34245,20220704,1
IDFM:34245,20220713,2
IDFM:34329,20220625,1
IDFM:34329,20220702,1
IDFM:34535,20220708,1
IDFM:34535,20220715,1
IDFM:34535,20220714,1
IDFM:34535,20220713,1
IDFM:34535,20220712,1
IDFM:34535,20220711,1
IDFM:34535,20220721,1
IDFM:34535,20220720,1
IDFM:34535,20220719,1
IDFM:34535,20220718,1
IDFM:34606,20220624,1
IDFM:34606,20220701,1
IDFM:34606,20220628,1
IDFM:34606,20220627,1
IDFM:34606,20220705,1
IDFM:34606,20220704,1
IDFM:34606,20220714,2
IDFM:34606,20220713,2
IDFM:34621,20220624,1
IDFM:34621,20220701,1
IDFM:34621,20220628,1
IDFM:34621,20220627,1
IDFM:34621,20220709,1
IDFM:34621,20220705,1
IDFM:34621,20220704,1
IDFM:34621,20220716,1
IDFM:34621,20220714,2
IDFM:34621,20220713,2
IDFM:34740,20220625,1
IDFM:34740,20220702,1
IDFM:34740,20220714,2
IDFM:36095,20220708,1
IDFM:36095,20220715,1
IDFM:36095,20220714,1
IDFM:36095,20220713,1
IDFM:36095,20220712,1
IDFM:36095,20220711,1
IDFM:36095,20220721,1
IDFM:36095,20220720,1
IDFM:36095,20220719,1
IDFM:36095,20220718,1
IDFM:37183,20220708,1
IDFM:37183,20220715,1
IDFM:37183,20220713,1
IDFM:37183,20220712,1
IDFM:37183,20220711,1
IDFM:37183,20220721,1
IDFM:37183,20220720,1
IDFM:37183,20220719,1
IDFM:37183,20220718,1
IDFM:39077,20220714,2
IDFM:39270,20220721,1
IDFM:39270,20220720,1
IDFM:39270,20220719,1
IDFM:39270,20220718,1
IDFM:39274,20220714,2
IDFM:40380,20220713,1
IDFM:40380,20220714,2
IDFM:40380,20220720,1
IDFM:40721,20220714,1
IDFM:40721,20220721,1
IDFM:40721,20220720,1
IDFM:40721,20220719,1
IDFM:40721,20220718,1
IDFM:41814,20220714,2
IDFM:41825,20220714,2
IDFM:42921,20220714,1
IDFM:42921,20220721,1
IDFM:42921,20220720,1
IDFM:42921,20220719,1
IDFM:42921,20220718,1
IDFM:43377,20220715,1
IDFM:43377,20220712,1
IDFM:43377,20220711,1
IDFM:43431,20220708,2
IDFM:43826,20220715,1
IDFM:43826,20220714,1
IDFM:43826,20220712,1
IDFM:43826,20220711,1
IDFM:43826,20220721,1
IDFM:43826,20220719,1
IDFM:43826,20220718,1
IDFM:43866,20220708,2
IDFM:43866,20220713,1
IDFM:43866,20220720,1
IDFM:44011,20220708,2
IDFM:44061,20220708,2
IDFM:44061,20220714,2
IDFM:44366,20220708,2
IDFM:44398,20220715,1
IDFM:44398,20220714,1
IDFM:44398,20220713,1
IDFM:44398,20220712,1
IDFM:44398,20220711,1
IDFM:44398,20220717,2
IDFM:44398,20220721,1
IDFM:44398,20220720,1
IDFM:44398,20220719,1
IDFM:44398,20220718,1
IDFM:44399,20220708,2
IDFM:44399,20220716,2
IDFM:44414,20220708,2
IDFM:44428,20220624,1
IDFM:44428,20220701,1
IDFM:44428,20220628,1
IDFM:44428,20220627,1
IDFM:44428,20220705,1
IDFM:44428,20220704,1
IDFM:44428,20220714,2
IDFM:44428,20220713,2
IDFM:44583,20220708,2
IDFM:45478,20220628,1
IDFM:45489,20220630,2
IDFM:45489,20220628,2
IDFM:45627,20220714,1
IDFM:45639,20220628,1
IDFM:47999,20220708,1
IDFM:49244,20220626,1
IDFM:49244,20220703,1
IDFM:49244,20220715,1
IDFM:49352,20220710,1
IDFM:49352,20220717,1
IDFM:52569,20220625,1
IDFM:52569,20220702,1
IDFM:52569,20220629,2
IDFM:52569,20220628,2
IDFM:52569,20220627,2
IDFM:52569,20220708,1
IDFM:52569,20220707,1
IDFM:52569,20220715,1
IDFM:52569,20220721,1
IDFM:55458,20220715,1
IDFM:55458,20220712,1
IDFM:55458,20220711,1
IDFM:55458,20220721,1
IDFM:55458,20220719,1
IDFM:55458,20220718,1
IDFM:55506,20220715,1
IDFM:55506,20220712,1
IDFM:55506,20220711,1
IDFM:55506,20220721,1
IDFM:55506,20220719,1
IDFM:55506,20220718,1
IDFM:55508,20220713,1
IDFM:55508,20220714,2
IDFM:55508,20220720,1
IDFM:55845,20220715,1
IDFM:55845,20220721,1
IDFM:55845,20220719,1
IDFM:55845,20220718,1
IDFM:55847,20220716,1
IDFM:55847,20220715,1
IDFM:55847,20220721,1
IDFM:55847,20220719,1
IDFM:55847,20220718,1
IDFM:55912,20220708,2
IDFM:55912,20220707,2
IDFM:55912,20220714,2
IDFM:55912,20220712,2
IDFM:55912,20220711,2
IDFM:56036,20220624,1
IDFM:56036,20220623,1
IDFM:56036,20220701,1
IDFM:56036,20220630,1
IDFM:56036,20220628,1
IDFM:56036,20220627,1
IDFM:56036,20220705,1
IDFM:56036,20220704,1
IDFM:56036,20220716,1
IDFM:56036,20220713,2
IDFM:56245,20220717,1
IDFM:56245,20220715,1
IDFM:56245,20220719,1
IDFM:56245,20220718,1
IDFM:56268,20220710,2
IDFM:56268,20220716,1
IDFM:56400,20220709,2
IDFM:56400,20220717,1
IDFM:56400,20220714,1
IDFM:56400,20220716,2
IDFM:56679,20220709,2
IDFM:56679,20220717,1
IDFM:56679,20220714,1
IDFM:58420,20220710,2
IDFM:58420,20220716,1
IDFM:58420,20220714,1
IDFM:59836,20220714,2
IDFM:67694,20220715,1
IDFM:78050,20220707,1
IDFM:78050,20220713,1
IDFM:78050,20220712,1
IDFM:78050,20220711,1
IDFM:78966,20220624,1
IDFM:78966,20220623,1
IDFM:78966,20220701,1
IDFM:78966,20220630,1
IDFM:78966,20220628,1
IDFM:78966,20220627,1
IDFM:78966,20220705,1
IDFM:78966,20220704,1
IDFM:78966,20220713,2
IDFM:79217,20220708,1
IDFM:79529,20220714,2
IDFM:83015,20220625,1
IDFM:83015,20220624,1
IDFM:83015,20220623,1
IDFM:83015,20220702,1
IDFM:83015,20220701,1
IDFM:83015,20220630,1
IDFM:83015,20220628,1
IDFM:83015,20220627,1
IDFM:83015,20220705,1
IDFM:83015,20220704,1
IDFM:83015,20220713,2
IDFM:84250,20220708,1
IDFM:84250,20220707,1
IDFM:84250,20220712,1
IDFM:84250,20220711,1
IDFM:84710,20220717,1
IDFM:84710,20220716,1
IDFM:84710,20220715,1
IDFM:84710,20220721,1
IDFM:84710,20220719,1
IDFM:84710,20220718,1
IDFM:84811,20220625,1
IDFM:84811,20220702,1
IDFM:85239,20220622,1
IDFM:85239,20220629,1
IDFM:85239,20220714,2
IDFM:86426,20220708,1
IDFM:86426,20220707,1
IDFM:86426,20220715,1
IDFM:86426,20220713,1
IDFM:86426,20220712,1
IDFM:86426,20220711,1
IDFM:86426,20220721,1
IDFM:86426,20220720,1
IDFM:86426,20220719,1
IDFM:86426,20220718,1
IDFM:92300,20220715,2
IDFM:96407,20220717,1
IDFM:96407,20220716,2
IDFM:99881,20220715,1
IDFM:100305,20220715,1
IDFM:100305,20220721,1
IDFM:100826,20220716,1
IDFM:101544,20220715,1
IDFM:101544,20220721,1
IDFM:102646,20220716,1
IDFM:102646,20220715,1
IDFM:102646,20220721,1
IDFM:104600,20220715,1
IDFM:104602,20220701,1
IDFM:104602,20220708,1
IDFM:104602,20220707,1
IDFM:104602,20220721,1
IDFM:104611,20220714,1
IDFM:104613,20220624,1
IDFM:104613,20220628,1
IDFM:104613,20220627,1
IDFM:104628,20220714,1
IDFM:104630,20220716,1
IDFM:104634,20220702,1
IDFM:104634,20220709,1
IDFM:104634,20220708,1
IDFM:104638,20220715,1
IDFM:104692,20220625,1
IDFM:104692,20220628,1
IDFM:104856,20220715,1
IDFM:106722,20220708,1
IDFM:107002,20220707,1
IDFM:107002,20220721,1
IDFM:108436,20220714,2
IDFM:109851,20220708,1
IDFM:109851,20220707,1
IDFM:109851,20220706,1
IDFM:109851,20220705,1
IDFM:109908,20220707,1
IDFM:109908,20220706,1
IDFM:109908,20220705,1
IDFM:109908,20220704,1
IDFM:111516,20220715,2
IDFM:111624,20220715,1
IDFM:114683,20220716,1
IDFM:114686,20220708,1
IDFM:114788,20220715,1
IDFM:114937,20220707,1
IDFM:115462,20220625,1
IDFM:115462,20220624,1
IDFM:115462,20220628,1
IDFM:115467,20220624,1
IDFM:115467,20220623,1
IDFM:115467,20220628,1
IDFM:115467,20220627,1
IDFM:118021,20220701,1
IDFM:118021,20220708,1
IDFM:118021,20220707,1
IDFM:118021,20220706,1
IDFM:118021,20220721,1
IDFM:118021,20220720,1
IDFM:118188,20220625,1
IDFM:118188,20220628,1
IDFM:118188,20220708,2
IDFM:118188,20220707,2
IDFM:118188,20220706,2
IDFM:118188,20220713,2
IDFM:118191,20220624,1
IDFM:118191,20220628,1
IDFM:118191,20220627,1
IDFM:118191,20220707,2
IDFM:118191,20220706,2
IDFM:118380,20220702,1
IDFM:118380,20220709,1
IDFM:118380,20220708,1
IDFM:118380,20220707,1
IDFM:118380,20220721,1
IDFM:118481,20220627,1
IDFM:118481,20220715,2
IDFM:118481,20220714,2
IDFM:119594,20220714,1
IDFM:119691,20220715,1
IDFM:122180,20220715,2
IDFM:122271,20220714,2
IDFM:123334,20220630,2
IDFM:123334,20220714,2
IDFM:123981,20220624,1
IDFM:123981,20220628,1
IDFM:124521,20220708,1
IDFM:124525,20220707,1
IDFM:124525,20220721,1
IDFM:125059,20220716,1
IDFM:125458,20220714,2
IDFM:137014,20220707,1
IDFM:137123,20220708,1
IDFM:146504,20220625,1
IDFM:146504,20220701,1
IDFM:146504,20220629,2
IDFM:146504,20220628,2
IDFM:146504,20220627,2
IDFM:146504,20220708,1
IDFM:146504,20220707,1
IDFM:146504,20220721,1
IDFM:150481,20220707,1
IDFM:150523,20220707,1
IDFM:150523,20220716,1
IDFM:150523,20220721,1
IDFM:151260,20220702,2
IDFM:151260,20220709,2
IDFM:155054,20220715,2
IDFM:159974,20220625,1
IDFM:162509,20220625,1
IDFM:162509,20220626,2
IDFM:162509,20220714,1
IDFM:162511,20220625,1
IDFM:162511,20220629,2
IDFM:162511,20220628,2
IDFM:162511,20220627,2
IDFM:162511,20220707,1
IDFM:162511,20220721,1
IDFM:162515,20220629,2
IDFM:162515,20220628,2
IDFM:162515,20220627,2
IDFM:162515,20220707,1
IDFM:162515,20220721,1
IDFM:162546,20220624,1
IDFM:162546,20220623,1
IDFM:162546,20220622,1
IDFM:162546,20220625,2
IDFM:162546,20220630,1
IDFM:162546,20220629,1
IDFM:162546,20220628,1
IDFM:162546,20220627,1
IDFM:162591,20220708,1
IDFM:162591,20220715,1
IDFM:162893,20220625,1
IDFM:162893,20220624,1
IDFM:162893,20220628,1
IDFM:162893,20220627,1
IDFM:163867,20220714,2
IDFM:163908,20220707,1
IDFM:163908,20220721,1
IDFM:164073,20220714,1
IDFM:164075,20220708,1
IDFM:164377,20220628,1
IDFM:164377,20220627,1
IDFM:164584,20220628,1
IDFM:164717,20220708,1
IDFM:164818,20220713,2
IDFM:164845,20220714,2
IDFM:165122,20220624,1
IDFM:165122,20220628,1
IDFM:165122,20220627,1
IDFM:165391,20220628,1
IDFM:165391,20220627,1
IDFM:165573,20220625,1
IDFM:165573,20220628,1
IDFM:165628,20220713,1
IDFM:165630,20220715,1
IDFM:165630,20220714,1
IDFM:165636,20220714,1
IDFM:165636,20220713,1
IDFM:165641,20220707,1
IDFM:165641,20220706,1
IDFM:165641,20220721,1
IDFM:165641,20220720,1
IDFM:165642,20220627,2
IDFM:165642,20220715,2
IDFM:165642,20220714,2
IDFM:165644,20220625,1
IDFM:165648,20220625,1
IDFM:165648,20220627,2
IDFM:165648,20220715,2
IDFM:165648,20220714,2
IDFM:165653,20220624,1
IDFM:165653,20220626,2
IDFM:165653,20220714,2
IDFM:165653,20220713,2
IDFM:165660,20220624,1
IDFM:165660,20220626,2
IDFM:165660,20220625,2
IDFM:165660,20220714,2
IDFM:165660,20220713,2
IDFM:165711,20220714,2
IDFM:165711,20220713,2
IDFM:165966,20220708,1
IDFM:165966,20220714,2
IDFM:166341,20220629,2
IDFM:166341,20220628,2
IDFM:166341,20220627,2
IDFM:166341,20220707,1
IDFM:166341,20220721,1
IDFM:167092,20220627,1
IDFM:167285,20220626,1
IDFM:167930,20220625,1
IDFM:167959,20220625,1
IDFM:168037,20220628,2
IDFM:168037,20220627,2
IDFM:168037,20220707,1
IDFM:168037,20220721,1
IDFM:168056,20220715,2
IDFM:168091,20220714,2
IDFM:168308,20220628,1
IDFM:168531,20220714,2
IDFM:168554,20220623,1
IDFM:168554,20220630,1
IDFM:168554,20220715,2
IDFM:168904,20220708,1
IDFM:168904,20220715,1
IDFM:168905,20220626,1
IDFM:168905,20220625,1
IDFM:168905,20220628,1
IDFM:168909,20220715,1
IDFM:168934,20220714,1
IDFM:170458,20220625,2
IDFM:170458,20220714,2
IDFM:170652,20220624,1
IDFM:170661,20220625,1
IDFM:170661,20220626,2
IDFM:170661,20220715,1
IDFM:170662,20220625,1
IDFM:170662,20220626,2
IDFM:170662,20220627,2
IDFM:170662,20220715,1
IDFM:170881,20220707,2
IDFM:170881,20220715,1
IDFM:170881,20220714,2
IDFM:170883,20220625,1
IDFM:170883,20220624,1
IDFM:170883,20220622,1
IDFM:170883,20220701,1
IDFM:170883,20220629,1
IDFM:170883,20220628,1
IDFM:170883,20220627,2
IDFM:170887,20220626,1
IDFM:170887,20220715,1
IDFM:170887,20220714,1
IDFM:170888,20220626,1
IDFM:170888,20220715,1
IDFM:170888,20220714,1
IDFM:171690,20220708,1
IDFM:171690,20220714,2
IDFM:171691,20220715,1
IDFM:171691,20220714,1
IDFM:173122,20220624,1
IDFM:173122,20220707,2
IDFM:173122,20220706,2
IDFM:173122,20220705,2
IDFM:173122,20220704,2
IDFM:173122,20220714,2
IDFM:173122,20220713,2
IDFM:173122,20220712,2
IDFM:173122,20220711,2
IDFM:173124,20220624,1
IDFM:173124,20220623,1
IDFM:173124,20220622,1
IDFM:173124,20220625,2
IDFM:173124,20220630,1
IDFM:173124,20220629,1
IDFM:173124,20220628,1
IDFM:173124,20220627,1
IDFM:173124,20220715,1
IDFM:173127,20220624,1
IDFM:173127,20220625,2
IDFM:173127,20220628,1
IDFM:173127,20220627,1
IDFM:173127,20220707,2
IDFM:173127,20220706,2
IDFM:173127,20220715,1
IDFM:173127,20220714,2
IDFM:173127,20220713,2
IDFM:173127,20220719,1
IDFM:173127,20220718,1
IDFM:173707,20220721,1
IDFM:173821,20220721,1
IDFM:173929,20220721,1
IDFM:173929,20220720,1
IDFM:174223,20220702,2
IDFM:174223,20220709,2
IDFM:174223,20220715,1
IDFM:175190,20220707,1
IDFM:175190,20220706,1
IDFM:175190,20220705,1
IDFM:175190,20220704,1
IDFM:175205,20220703,2
IDFM:175205,20220710,2
IDFM:175310,20220713,1
IDFM:175310,20220712,1
IDFM:175310,20220721,1
IDFM:175310,20220720,1
IDFM:175310,20220719,1
IDFM:175310,20220718,2
IDFM:175313,20220714,1
IDFM:178306,20220708,1
IDFM:178306,20220707,1
IDFM:178430,20220624,1
IDFM:178430,20220623,1
IDFM:178430,20220622,1
IDFM:178430,20220630,1
IDFM:178430,20220629,1
IDFM:178430,20220628,1
IDFM:178430,20220627,1
IDFM:178430,20220715,1
IDFM:179352,20220715,2
IDFM:179352,20220714,2
IDFM:180448,20220624,1
IDFM:180448,20220630,1
IDFM:180448,20220628,1
IDFM:180448,20220627,1
IDFM:180452,20220624,1
IDFM:180452,20220628,1
IDFM:180452,20220627,1
IDFM:180478,20220702,1
IDFM:180478,20220709,1
IDFM:180538,20220701,1
IDFM:180538,20220708,1
IDFM:182892,20220713,1
IDFM:184180,20220707,1
IDFM:184180,20220706,1
IDFM:185299,20220715,2
IDFM:185328,20220714,2
IDFM:187846,20220623,1
IDFM:187846,20220629,2
IDFM:187846,20220707,1
IDFM:187846,20220705,1
IDFM:187846,20220704,1
IDFM:187846,20220712,1
IDFM:187846,20220711,1
IDFM:187852,20220707,2
IDFM:187852,20220706,2
IDFM:187852,20220705,2
IDFM:187852,20220704,2
IDFM:187852,20220714,2
IDFM:187852,20220713,2
IDFM:187852,20220712,2
IDFM:187852,20220711,2
IDFM:187917,20220713,1
IDFM:187922,20220624,1
IDFM:187922,20220630,2
IDFM:187922,20220629,2
IDFM:187922,20220628,2
IDFM:187922,20220708,1
IDFM:187922,20220714,2
IDFM:187926,20220701,1
IDFM:187926,20220630,1
IDFM:187926,20220629,1
IDFM:187926,20220628,1
IDFM:191948,20220714,2
IDFM:192371,20220715,2
IDFM:195061,20220716,2
IDFM:195061,20220715,2
IDFM:197200,20220626,1
IDFM:197200,20220714,1
IDFM:197203,20220626,1
IDFM:197203,20220708,1
IDFM:197203,20220707,1
IDFM:197203,20220706,1
IDFM:197203,20220705,1
IDFM:197203,20220714,1
IDFM:197203,20220713,1
IDFM:197203,20220712,1
IDFM:197209,20220625,1
IDFM:197209,20220707,1
IDFM:197209,20220706,1
IDFM:197209,20220705,1
IDFM:197209,20220704,1
IDFM:197209,20220713,1
IDFM:197209,20220712,1
IDFM:197209,20220711,1
IDFM:197585,20220624,1
IDFM:197585,20220629,1
IDFM:197585,20220628,1
IDFM:197585,20220627,1
IDFM:207134,20220714,2
IDFM:207134,20220713,2
IDFM:207135,20220713,1
IDFM:207135,20220715,2
IDFM:207202,20220701,1
IDFM:207202,20220708,1
IDFM:207202,20220713,1
IDFM:207219,20220714,2
IDFM:207219,20220713,2
IDFM:207262,20220627,1
IDFM:207467,20220714,1
IDFM:207473,20220714,1
IDFM:207473,20220716,2
IDFM:207476,20220715,2
IDFM:207476,20220714,2
IDFM:207525,20220624,1
IDFM:207583,20220628,1
IDFM:207583,20220713,1
IDFM:207588,20220701,1
IDFM:207588,20220708,1
IDFM:207588,20220713,1
IDFM:207786,20220708,1
IDFM:207786,20220714,2
IDFM:207887,20220628,1
IDFM:208156,20220702,1
IDFM:208156,20220709,1
IDFM:208156,20220714,1
IDFM:209781,20220707,1
IDFM:209781,20220706,1
IDFM:209781,20220705,1
IDFM:209781,20220704,1
IDFM:209781,20220713,1
IDFM:209781,20220712,1
IDFM:209781,20220711,1
IDFM:209796,20220708,1
IDFM:209796,20220707,1
IDFM:209796,20220721,1
IDFM:209866,20220707,1
IDFM:209866,20220706,1
IDFM:209866,20220721,1
IDFM:209866,20220720,1
IDFM:210665,20220707,1
IDFM:210665,20220706,1
IDFM:210665,20220721,1
IDFM:210665,20220720,1
IDFM:216922,20220715,2
IDFM:216922,20220714,2
IDFM:216986,20220714,2
IDFM:216986,20220713,2
IDFM:219352,20220708,1
IDFM:219404,20220714,2
IDFM:228277,20220624,2
IDFM:228277,20220714,2
IDFM:228527,20220624,1
IDFM:228527,20220714,2
IDFM:228808,20220714,2
IDFM:229227,20220625,1
IDFM:229227,20220627,1
IDFM:232873,20220715,1
IDFM:232873,20220721,1
IDFM:232873,20220720,1
IDFM:232873,20220719,1
IDFM:232873,20220718,1
IDFM:235027,20220624,1
IDFM:235027,20220707,2
IDFM:235027,20220706,2
IDFM:235027,20220705,2
IDFM:235027,20220704,2
IDFM:235027,20220714,2
IDFM:236650,20220708,1
IDFM:236650,20220715,1
IDFM:237277,20220625,1
IDFM:237277,20220715,2
IDFM:237277,20220714,2
IDFM:241531,20220714,1
IDFM:246823,20220708,1
IDFM:246823,20220714,2
IDFM:246824,20220624,1
IDFM:246824,20220623,1
IDFM:246824,20220630,1
IDFM:246824,20220628,1
IDFM:246824,20220627,1
IDFM:246824,20220705,1
IDFM:246824,20220704,1
IDFM:246824,20220715,1
IDFM:246824,20220713,2
IDFM:255267,20220624,1
IDFM:255267,20220714,2
IDFM:255267,20220713,2
IDFM:259236,20220623,1
IDFM:259236,20220630,1
IDFM:259236,20220628,1
IDFM:259236,20220627,1
IDFM:259236,20220706,2
IDFM:264757,20220701,1
IDFM:264757,20220708,1
IDFM:264757,20220714,2
IDFM:264763,20220629,2
IDFM:264763,20220628,2
IDFM:264763,20220627,2
IDFM:264763,20220707,1
IDFM:264763,20220715,2
IDFM:264763,20220721,1
IDFM:265042,20220623,1
IDFM:265042,20220701,1
IDFM:265042,20220630,1
IDFM:265042,20220628,1
IDFM:265042,20220627,1
IDFM:265042,20220708,1
IDFM:265042,20220706,2
IDFM:265076,20220624,1
IDFM:265076,20220628,2
IDFM:265076,20220627,2
IDFM:265076,20220707,1
IDFM:265076,20220706,1
IDFM:265076,20220721,1
IDFM:265076,20220720,1
IDFM:265128,20220624,1
IDFM:265128,20220622,1
IDFM:265128,20220701,1
IDFM:265128,20220629,1
IDFM:265128,20220628,1
IDFM:265128,20220707,2
IDFM:265507,20220715,2
IDFM:265724,20220701,1
IDFM:265724,20220708,1
IDFM:267098,20220716,1
IDFM:267098,20220714,1
IDFM:269571,20220714,2
IDFM:269571,20220713,2
IDFM:269657,20220715,2
IDFM:269657,20220714,2
IDFM:270709,20220715,2
IDFM:270888,20220714,2
IDFM:274243,20220625,1
IDFM:274243,20220626,2
IDFM:274243,20220716,1
IDFM:282059,20220624,1
IDFM:282059,20220623,1
IDFM:282059,20220622,1
IDFM:282059,20220630,1
IDFM:282059,20220629,1
IDFM:282059,20220628,1
IDFM:282059,20220627,1
IDFM:286484,20220717,1
IDFM:286484,20220715,1
IDFM:287916,20220715,1
IDFM:287916,20220714,1
IDFM:292243,20220714,1
IDFM:293164,20220715,2
IDFM:293164,20220714,2
IDFM:294928,20220707,1
IDFM:295956,20220624,2
IDFM:295956,20220628,2
IDFM:295956,20220627,2
IDFM:295956,20220707,1
IDFM:295956,20220721,1
IDFM:305905,20220703,2
IDFM:305905,20220710,2
IDFM:305905,20220714,1
IDFM:305971,20220625,1
IDFM:305971,20220624,1
IDFM:305971,20220707,2
IDFM:305971,20220706,2
IDFM:305971,20220705,2
IDFM:305971,20220704,2
IDFM:305971,20220716,1
IDFM:305971,20220715,1
IDFM:305971,20220714,2
IDFM:306078,20220625,1
IDFM:306078,20220624,1
IDFM:306093,20220714,2
IDFM:306223,20220624,1
IDFM:306223,20220623,1
IDFM:306223,20220622,1
IDFM:306223,20220629,1
IDFM:306223,20220628,1
IDFM:306223,20220627,1
IDFM:306334,20220630,2
IDFM:306334,20220629,2
IDFM:306334,20220628,2
IDFM:306334,20220627,2
IDFM:306372,20220630,2
IDFM:306372,20220629,2
IDFM:306372,20220628,2
IDFM:306372,20220627,2
IDFM:306968,20220714,2
IDFM:306971,20220714,1
IDFM:307022,20220624,1
IDFM:307049,20220716,1
IDFM:307049,20220714,1
IDFM:307049,20220717,2
IDFM:307049,20220721,1
IDFM:307049,20220720,1
IDFM:307049,20220719,1
IDFM:307049,20220718,1
IDFM:307138,20220707,1
IDFM:307524,20220715,1
IDFM:307524,20220714,1
IDFM:309212,20220714,1
IDFM:309620,20220715,2
IDFM:309989,20220715,2
IDFM:309989,20220714,2
IDFM:312163,20220713,1
IDFM:316518,20220628,1
IDFM:316518,20220627,1
IDFM:316518,20220701,2
IDFM:316518,20220708,2
IDFM:316518,20220707,2
IDFM:316518,20220706,2
IDFM:316518,20220714,2
IDFM:316518,20220713,2
IDFM:318674,20220714,1
IDFM:318709,20220715,1
IDFM:318914,20220713,1
IDFM:320525,20220710,1
IDFM:320525,20220717,1
IDFM:320525,20220714,1
IDFM:323514,20220629,1
IDFM:323514,20220628,1
IDFM:335041,20220624,1
IDFM:335041,20220715,1
IDFM:335041,20220713,2
IDFM:336817,20220714,2
IDFM:336847,20220629,1
IDFM:336847,20220628,1
IDFM:336847,20220627,1
IDFM:337417,20220715,1
IDFM:337970,20220630,1
IDFM:337970,20220629,1
IDFM:337970,20220628,1
IDFM:339140,20220624,2
IDFM:339140,20220629,2
IDFM:339140,20220628,2
IDFM:339140,20220627,2
IDFM:339140,20220707,1
IDFM:339140,20220721,1
IDFM:339146,20220714,2
IDFM:339594,20220715,1
IDFM:339594,20220714,1
IDFM:339595,20220715,2
IDFM:339595,20220714,2
IDFM:339611,20220624,2
IDFM:341031,20220624,2
IDFM:341031,20220714,2
IDFM:341431,20220624,2
IDFM:341431,20220714,2
IDFM:342478,20220703,2
IDFM:342478,20220715,1
IDFM:342492,20220704,2
IDFM:342496,20220702,2
IDFM:342496,20220714,1
IDFM:342611,20220703,2
IDFM:342701,20220703,2
IDFM:342701,20220702,2
IDFM:342701,20220714,1
IDFM:343402,20220703,2
IDFM:343402,20220702,2
IDFM:343402,20220701,2
IDFM:343402,20220630,2
IDFM:343402,20220629,2
IDFM:343402,20220628,2
IDFM:343402,20220627,2
IDFM:343403,20220703,1
IDFM:343403,20220702,1
IDFM:343403,20220714,2
IDFM:345114,20220703,2
IDFM:345114,20220702,2
IDFM:345114,20220630,2
IDFM:345114,20220629,2
IDFM:345114,20220628,2
IDFM:345114,20220627,2
IDFM:345114,20220708,1
IDFM:345114,20220715,1
IDFM:345696,20220714,2
IDFM:345696,20220713,2
IDFM:346626,20220714,1
IDFM:346626,20220713,1
IDFM:350972,20220628,2
IDFM:350972,20220627,2
IDFM:350972,20220707,1
IDFM:350972,20220706,1
IDFM:350972,20220721,1
IDFM:350972,20220720,1
IDFM:352964,20220714,1
IDFM:352964,20220713,1
IDFM:354216,20220628,1
IDFM:354216,20220627,1
IDFM:354370,20220624,2
IDFM:354370,20220629,2
IDFM:354370,20220628,2
IDFM:354370,20220627,2
IDFM:354371,20220626,1
IDFM:354371,20220625,1
IDFM:354371,20220629,2
IDFM:354371,20220628,2
IDFM:354371,20220627,2
IDFM:354371,20220706,2
IDFM:354371,20220705,2
IDFM:354371,20220704,2
IDFM:354371,20220715,1
IDFM:354371,20220721,1
IDFM:354373,20220626,2
IDFM:354373,20220625,2
IDFM:354373,20220701,1
IDFM:354373,20220708,1
IDFM:354373,20220706,1
IDFM:354373,20220705,1
IDFM:354373,20220704,1
IDFM:356338,20220707,2
IDFM:356338,20220715,1
IDFM:356338,20220713,1
IDFM:356338,20220712,1
IDFM:356338,20220711,1
IDFM:356338,20220714,2
IDFM:356338,20220720,1
IDFM:356338,20220719,1
IDFM:356338,20220718,1
IDFM:357186,20220624,1
IDFM:357186,20220622,1
IDFM:357186,20220629,1
IDFM:357186,20220628,1
IDFM:357186,20220627,1
IDFM:357186,20220714,1
IDFM:358544,20220624,2
IDFM:358544,20220629,2
IDFM:358544,20220628,2
IDFM:358544,20220627,2
IDFM:358544,20220714,2
IDFM:358695,20220715,1
IDFM:361424,20220714,1
IDFM:361424,20220713,1
IDFM:363610,20220714,2
IDFM:363616,20220714,2
IDFM:363638,20220714,2
IDFM:363860,20220714,2
IDFM:366408,20220623,1
IDFM:366408,20220622,1
IDFM:366408,20220630,1
IDFM:366408,20220629,1
IDFM:366408,20220628,1
IDFM:366408,20220627,1
IDFM:366937,20220629,2
IDFM:366937,20220628,2
IDFM:366937,20220627,2
IDFM:366937,20220707,1
IDFM:366937,20220721,1
IDFM:367036,20220623,1
IDFM:367036,20220622,1
IDFM:367036,20220630,1
IDFM:367036,20220629,1
IDFM:367036,20220628,1
IDFM:367036,20220627,1
IDFM:368970,20220714,1
IDFM:368970,20220713,1
IDFM:368971,20220714,2
IDFM:368971,20220713,2
IDFM:368975,20220701,1
IDFM:368975,20220708,1
IDFM:368975,20220714,2
IDFM:369388,20220622,1
IDFM:369388,20220715,1
IDFM:369388,20220714,1
IDFM:369419,20220626,1
IDFM:369419,20220623,1
IDFM:369419,20220628,1
IDFM:369419,20220627,1
IDFM:369445,20220626,1
IDFM:369445,20220625,1
IDFM:369445,20220624,1
IDFM:369445,20220628,1
IDFM:369445,20220627,1
IDFM:369519,20220715,1
IDFM:369519,20220714,1
IDFM:369603,20220629,2
IDFM:369603,20220628,2
IDFM:369603,20220627,2
IDFM:369604,20220626,2
IDFM:369604,20220628,2
IDFM:369604,20220627,2
IDFM:379919,20220626,1
IDFM:379984,20220626,1
IDFM:380094,20220627,2
IDFM:381262,20220626,1
IDFM:381262,20220625,1
IDFM:381262,20220624,1
IDFM:381262,20220623,1
IDFM:381262,20220628,1
IDFM:381262,20220627,1
IDFM:382399,20220701,1
IDFM:382399,20220708,1
IDFM:383361,20220625,1
IDFM:383361,20220714,2
IDFM:384712,20220629,2
IDFM:384712,20220628,2
IDFM:384712,20220708,1
IDFM:384712,20220707,1
IDFM:384712,20220721,1
IDFM:397036,20220707,2
IDFM:397220,20220707,2
IDFM:398108,20220708,1
IDFM:398115,20220707,2
IDFM:398243,20220707,2
IDFM:399408,20220707,2
IDFM:401521,20220708,1
IDFM:401521,20220715,1
IDFM:401521,20220712,1
IDFM:401521,20220711,1
IDFM:401521,20220721,1
IDFM:401521,20220719,1
IDFM:401521,20220718,1
IDFM:402512,20220709,1
IDFM:402512,20220716,1
IDFM:402512,20220714,1
IDFM:403261,20220709,1
IDFM:403261,20220716,1
IDFM:403261,20220714,2
IDFM:404292,20220630,2
IDFM:404292,20220629,2
IDFM:404292,20220628,2
IDFM:404292,20220627,2
IDFM:404292,20220708,1
IDFM:404292,20220715,1
IDFM:404329,20220630,2
IDFM:404329,20220629,2
IDFM:404329,20220628,2
IDFM:404329,20220627,2
IDFM:404329,20220708,1
IDFM:404329,20220715,1
IDFM:406257,20220628,1
IDFM:406257,20220705,1
IDFM:411445,20220708,1
IDFM:413548,20220714,2
IDFM:416844,20220721,1
IDFM:417819,20220717,1
IDFM:417819,20220715,1
IDFM:417819,20220721,1
IDFM:419682,20220715,1
IDFM:419682,20220713,1
IDFM:419682,20220712,1
IDFM:419682,20220711,1
IDFM:419682,20220721,1
IDFM:419682,20220720,1
IDFM:419682,20220719,1
IDFM:419682,20220718,1
IDFM:424327,20220715,1
IDFM:424327,20220721,1
IDFM:426111,20220708,1
IDFM:426581,20220715,1
IDFM:427522,20220715,1
IDFM:427522,20220721,1
IDFM:429193,20220708,1
IDFM:429193,20220714,1
IDFM:431527,20220707,1
IDFM:431527,20220712,1
IDFM:431527,20220711,1
IDFM:432958,20220628,1
IDFM:432958,20220627,1
IDFM:433034,20220625,1
IDFM:433034,20220714,2
IDFM:433073,20220627,1
IDFM:433073,20220714,1
IDFM:433099,20220626,2
IDFM:433099,20220627,1
IDFM:433099,20220714,1
IDFM:434602,20220714,2
IDFM:434895,20220625,1
IDFM:434895,20220702,1
IDFM:434895,20220714,2
IDFM:434895,20220713,2
IDFM:434895,20220712,2
IDFM:434898,20220624,1
IDFM:434898,20220701,1
IDFM:434898,20220713,2
IDFM:434898,20220712,2
IDFM:434898,20220711,2
IDFM:434974,20220714,1
IDFM:434974,20220713,1
IDFM:434974,20220712,1
IDFM:436076,20220712,1
IDFM:436076,20220711,1
IDFM:436902,20220624,1
IDFM:436902,20220701,1
IDFM:436902,20220713,2
IDFM:436902,20220712,2
IDFM:436902,20220711,2
IDFM:436936,20220713,2
IDFM:436936,20220712,2
IDFM:436936,20220711,2
IDFM:436962,20220624,1
IDFM:436962,20220701,1
IDFM:436962,20220713,2
IDFM:436962,20220712,2
IDFM:436962,20220711,2
IDFM:437186,20220624,1
IDFM:437186,20220701,1
IDFM:437205,20220713,2
IDFM:437205,20220712,2
IDFM:437205,20220711,2
IDFM:441638,20220624,1
IDFM:441638,20220701,1
IDFM:441638,20220712,2
IDFM:441638,20220711,2
IDFM:442135,20220713,2
IDFM:455232,20220626,1
IDFM:455232,20220625,1
IDFM:455232,20220629,1
IDFM:455232,20220628,1
IDFM:455232,20220627,1
IDFM:455391,20220703,1
IDFM:455470,20220703,2
IDFM:455470,20220714,1
IDFM:455471,20220703,2
IDFM:455471,20220702,2
IDFM:455471,20220714,1
IDFM:455474,20220702,2
IDFM:455660,20220714,1
IDFM:455682,20220717,1
IDFM:455682,20220715,1
IDFM:455682,20220721,1
IDFM:455682,20220720,1
IDFM:455682,20220719,1
IDFM:455682,20220718,1
IDFM:455782,20220624,1
IDFM:455782,20220623,1
IDFM:455782,20220629,2
IDFM:455782,20220706,2
IDFM:455782,20220712,1
IDFM:455782,20220711,1
IDFM:455879,20220702,1
IDFM:455879,20220709,1
IDFM:455879,20220714,1
IDFM:455889,20220714,1
IDFM:455919,20220703,1
IDFM:455919,20220710,1
IDFM:455919,20220714,1
IDFM:456108,20220715,1
IDFM:456114,20220715,1
IDFM:456114,20220714,1
IDFM:456114,20220721,1
IDFM:456114,20220720,1
IDFM:456114,20220719,1
IDFM:456114,20220718,1
IDFM:456316,20220705,1
IDFM:456316,20220712,1
IDFM:456346,20220702,1
IDFM:456346,20220709,1
IDFM:456508,20220715,1
IDFM:457249,20220715,1
IDFM:457399,20220704,1
IDFM:457399,20220711,1
IDFM:457405,20220709,1
IDFM:457405,20220708,1
IDFM:457405,20220707,1
IDFM:457405,20220706,1
IDFM:457405,20220705,1
IDFM:457406,20220708,1
IDFM:457406,20220707,1
IDFM:457406,20220706,1
IDFM:457406,20220705,1
IDFM:457406,20220704,1
IDFM:457418,20220714,1
IDFM:457432,20220708,1
IDFM:457432,20220707,1
IDFM:457432,20220706,1
IDFM:457432,20220705,1
IDFM:457432,20220704,1
IDFM:457432,20220715,1
IDFM:457432,20220714,1
IDFM:457432,20220713,1
IDFM:457432,20220712,1
IDFM:457432,20220711,1
IDFM:457567,20220714,2
IDFM:457635,20220707,1
IDFM:457714,20220629,1
IDFM:457714,20220628,1
IDFM:457714,20220627,1
IDFM:457783,20220708,1
IDFM:457783,20220707,1
IDFM:457783,20220716,1
IDFM:457863,20220626,1
IDFM:457881,20220709,1
IDFM:457881,20220707,1
IDFM:457893,20220709,1
IDFM:457893,20220710,2
IDFM:457894,20220709,1
IDFM:457894,20220710,2
IDFM:457894,20220713,1
IDFM:457894,20220712,1
IDFM:457895,20220709,1
IDFM:457895,20220710,2
IDFM:457895,20220714,1
IDFM:457910,20220626,1
IDFM:457910,20220628,1
IDFM:457910,20220627,1
IDFM:457917,20220629,2
IDFM:457917,20220710,2
IDFM:457917,20220716,2
IDFM:457942,20220709,1
IDFM:457942,20220707,1
IDFM:457942,20220713,1
IDFM:457942,20220712,1
IDFM:457952,20220703,1
IDFM:457952,20220709,1
IDFM:457953,20220703,1
IDFM:457953,20220713,1
IDFM:457953,20220712,1
IDFM:457961,20220710,2
IDFM:457961,20220714,1
IDFM:457980,20220626,1
IDFM:457980,20220628,1
IDFM:457980,20220627,1
IDFM:457990,20220629,1
IDFM:457990,20220628,1
IDFM:457990,20220627,1
IDFM:458016,20220703,1
IDFM:458018,20220703,1
IDFM:458018,20220708,1
IDFM:458018,20220715,1
IDFM:458039,20220703,2
IDFM:458047,20220709,1
IDFM:458047,20220714,1
IDFM:458048,20220709,1
IDFM:458082,20220707,1
IDFM:458082,20220713,1
IDFM:458082,20220712,1
IDFM:458107,20220717,1
IDFM:458107,20220714,2
IDFM:458245,20220705,1
IDFM:458245,20220716,1
IDFM:458246,20220705,1
IDFM:458251,20220706,1
IDFM:458256,20220705,1
IDFM:458259,20220629,1
IDFM:458259,20220705,2
IDFM:458268,20220630,1
IDFM:458268,20220629,1
IDFM:458268,20220628,1
IDFM:458268,20220627,1
IDFM:458268,20220708,2
IDFM:458268,20220717,1
IDFM:458355,20220627,1
IDFM:458361,20220626,1
IDFM:458363,20220710,1
IDFM:458363,20220714,2
IDFM:458369,20220629,2
IDFM:458369,20220706,2
IDFM:458369,20220714,2
IDFM:458369,20220719,1
IDFM:458372,20220710,2
IDFM:458372,20220716,2
IDFM:458377,20220622,1
IDFM:458377,20220713,1
IDFM:458377,20220714,2
IDFM:458379,20220626,1
IDFM:458379,20220703,1
IDFM:458379,20220714,1
IDFM:458380,20220710,2
IDFM:458380,20220714,1
IDFM:458380,20220716,2
IDFM:458384,20220710,2
IDFM:458384,20220714,1
IDFM:458384,20220716,2
IDFM:458384,20220721,1
IDFM:458384,20220720,1
IDFM:458384,20220719,1
IDFM:458384,20220718,1
IDFM:458387,20220703,1
IDFM:458387,20220717,1
IDFM:458387,20220714,1
IDFM:458387,20220716,2
IDFM:458423,20220622,1
IDFM:458423,20220712,1
IDFM:458423,20220714,2
IDFM:458424,20220622,1
IDFM:458424,20220714,2
IDFM:458425,20220629,2
IDFM:458425,20220706,2
IDFM:458425,20220714,2
IDFM:458456,20220626,1
IDFM:458456,20220703,1
IDFM:458461,20220629,2
IDFM:458461,20220710,2
IDFM:458461,20220706,2
IDFM:458461,20220705,2
IDFM:458461,20220716,2
IDFM:458462,20220626,1
IDFM:458462,20220622,1
IDFM:458462,20220703,1
IDFM:458462,20220628,1
IDFM:458463,20220622,1
IDFM:458463,20220710,2
IDFM:458463,20220716,2
IDFM:458463,20220720,1
IDFM:458463,20220719,1
IDFM:458464,20220626,1
IDFM:458464,20220622,1
IDFM:458464,20220703,1
IDFM:458466,20220622,1
IDFM:458466,20220710,2
IDFM:458466,20220712,1
IDFM:458466,20220716,2
IDFM:458466,20220720,1
IDFM:458466,20220719,1
IDFM:458494,20220708,1
IDFM:458494,20220707,1
IDFM:458494,20220706,1
IDFM:458494,20220705,1
IDFM:458494,20220704,1
IDFM:458549,20220624,1
IDFM:458549,20220701,1
IDFM:458549,20220628,1
IDFM:458549,20220627,1
IDFM:458549,20220707,2
IDFM:458549,20220706,2
IDFM:458549,20220717,1
IDFM:458549,20220714,2
IDFM:458549,20220713,2
IDFM:458549,20220719,1
IDFM:458549,20220718,1
IDFM:458551,20220717,1
IDFM:458551,20220714,2
IDFM:459003,20220708,1
IDFM:459003,20220707,1
IDFM:459126,20220710,2
IDFM:459148,20220628,1
IDFM:459148,20220705,1
IDFM:459148,20220714,2
IDFM:459176,20220707,1
IDFM:459176,20220713,1
IDFM:459195,20220622,1
IDFM:459195,20220627,1
IDFM:459215,20220707,1
IDFM:459215,20220712,1
IDFM:459216,20220707,1
IDFM:459243,20220622,1
IDFM:459243,20220627,1
IDFM:459257,20220626,1
IDFM:459257,20220622,1
IDFM:459257,20220628,1
IDFM:459257,20220627,1
IDFM:459259,20220703,1
IDFM:459311,20220626,1
IDFM:459311,20220622,1
IDFM:459311,20220627,1
IDFM:459328,20220622,1
IDFM:459328,20220628,1
IDFM:459328,20220627,1
IDFM:459363,20220703,1
IDFM:459363,20220717,1
IDFM:459365,20220714,2
IDFM:459412,20220702,1
IDFM:459412,20220630,1
IDFM:459412,20220707,1
IDFM:459433,20220717,1
IDFM:459433,20220716,1
IDFM:459433,20220714,2
IDFM:459434,20220708,1
IDFM:459434,20220707,1
IDFM:459434,20220706,1
IDFM:459441,20220716,2
IDFM:459527,20220626,2
IDFM:459527,20220710,2
IDFM:459527,20220709,2
IDFM:459527,20220714,1
IDFM:459527,20220716,2
IDFM:459529,20220710,2
IDFM:459529,20220716,2
IDFM:459538,20220630,1
IDFM:459538,20220707,1
IDFM:459539,20220714,2
IDFM:459539,20220713,2
IDFM:459539,20220712,2
IDFM:459540,20220625,1
IDFM:459540,20220702,1
IDFM:459540,20220710,2
IDFM:459540,20220714,1
IDFM:459540,20220721,1
IDFM:459540,20220720,1
IDFM:459540,20220719,1
IDFM:459540,20220718,1
IDFM:459552,20220625,1
IDFM:459552,20220702,1
IDFM:459552,20220714,2
IDFM:459557,20220626,1
IDFM:459557,20220625,1
IDFM:459557,20220703,1
IDFM:459557,20220702,1
IDFM:459610,20220625,1
IDFM:459610,20220702,1
IDFM:459610,20220710,2
IDFM:459703,20220703,1
IDFM:459703,20220702,1
IDFM:459703,20220714,2
IDFM:459788,20220703,2
IDFM:459788,20220702,2
IDFM:459788,20220714,1
IDFM:459788,20220716,2
IDFM:459793,20220625,1
IDFM:459793,20220703,2
IDFM:459793,20220709,1
IDFM:459810,20220625,1
IDFM:459810,20220628,1
IDFM:459810,20220627,1
IDFM:459810,20220703,2
IDFM:459810,20220709,1
IDFM:459810,20220705,1
IDFM:459810,20220704,1
IDFM:459810,20220715,2
IDFM:459810,20220713,2
IDFM:459870,20220703,1
IDFM:459870,20220711,2
IDFM:459899,20220703,2
IDFM:459916,20220715,1
IDFM:459916,20220714,1
IDFM:459916,20220713,1
IDFM:459916,20220712,1
IDFM:459916,20220711,1
IDFM:459928,20220628,1
IDFM:459928,20220627,1
IDFM:459928,20220705,1
IDFM:459928,20220704,1
IDFM:459928,20220715,2
IDFM:459928,20220713,2
IDFM:459934,20220708,2
IDFM:459934,20220707,2
IDFM:459934,20220706,2
IDFM:459934,20220705,2
IDFM:459934,20220704,2
IDFM:459934,20220714,2
IDFM:460012,20220624,1
IDFM:460012,20220622,1
IDFM:460012,20220701,1
IDFM:460012,20220629,1
IDFM:460012,20220628,1
IDFM:460012,20220627,1
IDFM:460012,20220707,2
IDFM:460033,20220625,1
IDFM:460033,20220701,1
IDFM:460033,20220703,2
IDFM:460033,20220710,2
IDFM:460104,20220701,2
IDFM:460104,20220710,1
IDFM:460104,20220709,1
IDFM:460127,20220702,1
IDFM:460171,20220628,1
IDFM:460171,20220627,1
IDFM:460171,20220708,2
IDFM:460171,20220707,2
IDFM:460171,20220706,2
IDFM:460171,20220712,1
IDFM:460171,20220711,1
IDFM:460654,20220717,1
IDFM:460669,20220703,2
IDFM:460676,20220703,1
IDFM:460676,20220710,1
IDFM:460676,20220708,1
IDFM:460676,20220715,1
IDFM:460692,20220626,2
IDFM:460692,20220625,2
IDFM:460695,20220710,1
IDFM:460695,20220709,1
IDFM:460695,20220717,1
IDFM:460695,20220716,1
IDFM:460698,20220626,2
IDFM:460698,20220625,2
IDFM:460712,20220625,2
IDFM:460712,20220703,1
IDFM:460712,20220710,1
IDFM:460713,20220710,1
IDFM:460713,20220709,1
IDFM:460713,20220717,1
IDFM:460715,20220627,1
IDFM:460772,20220625,1
IDFM:460772,20220709,1
IDFM:460772,20220714,2
IDFM:460791,20220703,2
IDFM:460791,20220702,2
IDFM:460804,20220625,1
IDFM:460804,20220709,1
IDFM:460804,20220714,2
IDFM:460807,20220702,2
IDFM:460817,20220624,1
IDFM:460817,20220623,1
IDFM:460817,20220622,1
IDFM:460817,20220626,2
IDFM:460817,20220625,2
IDFM:460817,20220701,1
IDFM:460817,20220630,1
IDFM:460817,20220629,1
IDFM:460817,20220628,1
IDFM:460817,20220627,1
IDFM:460860,20220716,2
IDFM:460919,20220626,2
IDFM:460919,20220702,1
IDFM:460919,20220709,1
IDFM:460930,20220626,2
IDFM:460930,20220702,1
IDFM:460930,20220709,1
IDFM:460940,20220703,1
IDFM:460940,20220702,1
IDFM:460940,20220710,1
IDFM:460940,20220709,1
IDFM:460948,20220626,2
IDFM:460948,20220625,2
IDFM:460948,20220628,2
IDFM:460999,20220703,2
IDFM:460999,20220702,2
IDFM:461015,20220626,1
IDFM:461015,20220702,2
IDFM:461015,20220714,2
IDFM:461057,20220703,1
IDFM:461057,20220702,1
IDFM:461071,20220703,1
IDFM:461071,20220702,1
IDFM:461071,20220717,1
IDFM:461076,20220703,1
IDFM:461076,20220702,1
IDFM:461080,20220703,1
IDFM:461080,20220702,1
IDFM:461080,20220712,2
IDFM:461083,20220703,1
IDFM:461083,20220702,1
IDFM:461083,20220717,1
IDFM:461083,20220716,1
IDFM:461084,20220702,1
IDFM:461084,20220716,1
IDFM:461084,20220714,2
IDFM:461092,20220702,1
IDFM:461092,20220710,2
IDFM:461093,20220702,1
IDFM:461093,20220708,1
IDFM:461093,20220715,1
IDFM:461094,20220703,1
IDFM:461094,20220702,1
IDFM:461094,20220708,1
IDFM:461094,20220717,1
IDFM:461094,20220715,1
IDFM:461095,20220702,1
IDFM:461095,20220710,2
IDFM:461112,20220702,1
IDFM:461112,20220708,1
IDFM:461112,20220707,1
IDFM:461112,20220716,1
IDFM:461112,20220715,1
IDFM:461112,20220721,1
IDFM:461130,20220628,1
IDFM:461130,20220627,1
IDFM:461130,20220708,2
IDFM:461130,20220707,2
IDFM:461130,20220706,2
IDFM:461130,20220716,1
IDFM:461130,20220715,2
IDFM:461130,20220714,2
IDFM:461130,20220713,2
IDFM:461141,20220702,1
IDFM:461141,20220708,1
IDFM:461141,20220707,1
IDFM:461141,20220715,1
IDFM:461141,20220721,1
IDFM:461146,20220703,1
IDFM:461146,20220702,1
IDFM:461146,20220708,1
IDFM:461146,20220715,1
IDFM:461150,20220703,1
IDFM:461150,20220702,1
IDFM:461150,20220708,1
IDFM:461150,20220716,1
IDFM:461150,20220715,1
IDFM:461152,20220703,1
IDFM:461152,20220702,1
IDFM:461152,20220708,1
IDFM:461152,20220717,1
IDFM:461152,20220716,1
IDFM:461152,20220715,1
IDFM:461169,20220714,1
IDFM:461169,20220716,2
IDFM:461193,20220630,1
IDFM:461193,20220629,1
IDFM:461193,20220705,2
IDFM:461193,20220704,2
IDFM:461193,20220715,1
IDFM:461195,20220626,1
IDFM:461195,20220714,1
IDFM:461199,20220624,1
IDFM:461199,20220701,1
IDFM:461199,20220707,2
IDFM:461201,20220629,2
IDFM:461201,20220628,2
IDFM:461202,20220630,2
IDFM:461202,20220629,2
IDFM:461202,20220705,1
IDFM:461202,20220704,1
IDFM:461202,20220715,2
IDFM:461202,20220719,1
IDFM:461202,20220718,1
IDFM:461205,20220623,2
IDFM:461226,20220708,1
IDFM:461226,20220707,1
IDFM:461226,20220706,1
IDFM:461226,20220705,1
IDFM:461226,20220704,1
IDFM:461228,20220626,1
IDFM:461228,20220703,1
IDFM:461228,20220701,1
IDFM:461228,20220630,1
IDFM:461228,20220629,1
IDFM:461228,20220628,1
IDFM:461228,20220627,1
IDFM:461228,20220715,1
IDFM:461228,20220714,1
IDFM:461228,20220712,1
IDFM:461228,20220711,1
IDFM:461243,20220715,1
IDFM:461243,20220714,1
IDFM:461243,20220721,1
IDFM:461243,20220720,1
IDFM:461243,20220719,1
IDFM:461243,20220718,1
IDFM:461244,20220716,1
IDFM:461244,20220715,1
IDFM:461244,20220714,1
IDFM:461244,20220713,1
IDFM:461244,20220712,1
IDFM:461277,20220626,1
IDFM:461277,20220703,1
IDFM:461277,20220714,1
IDFM:461310,20220716,2
IDFM:461310,20220719,2
IDFM:461341,20220706,1
IDFM:461341,20220712,2
IDFM:461345,20220716,2
IDFM:461345,20220714,2
IDFM:461353,20220628,1
IDFM:461353,20220706,2
IDFM:461353,20220712,1
IDFM:461353,20220716,2
IDFM:461354,20220716,2
IDFM:461354,20220720,2
IDFM:461354,20220719,2
IDFM:461392,20220630,2
IDFM:461392,20220629,2
IDFM:461392,20220628,2
IDFM:461392,20220627,2
IDFM:461392,20220708,1
IDFM:461392,20220715,1
IDFM:461409,20220709,1
IDFM:461409,20220708,1
IDFM:461409,20220716,1
IDFM:461409,20220715,1
IDFM:461411,20220708,1
IDFM:461411,20220707,1
IDFM:461411,20220715,1
IDFM:461411,20220721,1
IDFM:461417,20220625,2
IDFM:461467,20220628,1
IDFM:461467,20220627,1
IDFM:461504,20220626,2
IDFM:461575,20220715,1
IDFM:461596,20220714,1
IDFM:461602,20220630,2
IDFM:461602,20220629,2
IDFM:461602,20220628,2
IDFM:461602,20220627,2
IDFM:461602,20220709,1
IDFM:461602,20220708,1
IDFM:461602,20220716,1
IDFM:461602,20220715,1
IDFM:461715,20220715,1
IDFM:461715,20220714,1
IDFM:461715,20220713,1
IDFM:461715,20220712,1
IDFM:461715,20220721,1
IDFM:461715,20220720,1
IDFM:461715,20220719,1
IDFM:461716,20220625,2
IDFM:461716,20220701,2
IDFM:461716,20220630,2
IDFM:461716,20220629,2
IDFM:461716,20220628,2
IDFM:461716,20220627,2
IDFM:461740,20220626,2
IDFM:461815,20220716,1
IDFM:461828,20220716,1
IDFM:461828,20220721,1
IDFM:461828,20220720,1
IDFM:461828,20220719,1
IDFM:461828,20220718,1
IDFM:461846,20220703,2
IDFM:461846,20220716,1
IDFM:461889,20220626,1
IDFM:461889,20220703,1
IDFM:461889,20220716,2
IDFM:461895,20220702,1
IDFM:461897,20220703,1
IDFM:461897,20220716,2
IDFM:461902,20220703,1
IDFM:461902,20220714,1
IDFM:461906,20220626,1
IDFM:461906,20220703,1
IDFM:461906,20220701,2
IDFM:461906,20220630,2
IDFM:461906,20220629,2
IDFM:461906,20220628,2
IDFM:461906,20220716,2
IDFM:461913,20220703,1
IDFM:461913,20220716,2
IDFM:461918,20220626,1
IDFM:461918,20220703,1
IDFM:461918,20220716,2
IDFM:461920,20220710,2
IDFM:461920,20220709,2
IDFM:461920,20220717,2
IDFM:461920,20220716,2
IDFM:461920,20220721,1
IDFM:461920,20220720,1
IDFM:461920,20220719,1
IDFM:461920,20220718,1
IDFM:461946,20220626,2
IDFM:461946,20220703,2
IDFM:461946,20220702,2
IDFM:461949,20220703,2
IDFM:461949,20220711,1
IDFM:461949,20220718,1
IDFM:461955,20220703,1
IDFM:461955,20220715,1
IDFM:461955,20220711,2
IDFM:461956,20220702,1
IDFM:461956,20220710,2
IDFM:461956,20220714,1
IDFM:461961,20220710,2
IDFM:461961,20220709,2
IDFM:461961,20220714,1
IDFM:461970,20220626,1
IDFM:461970,20220625,1
IDFM:461970,20220703,1
IDFM:461970,20220702,1
IDFM:462145,20220705,2
IDFM:462170,20220626,2
IDFM:462170,20220703,2
IDFM:462170,20220702,2
IDFM:462170,20220709,2
IDFM:462171,20220702,2
IDFM:462171,20220710,1
IDFM:462171,20220717,1
IDFM:462171,20220714,2
IDFM:462239,20220714,2
IDFM:462300,20220626,1
IDFM:462300,20220703,1
IDFM:462300,20220716,2
IDFM:462300,20220721,1
IDFM:462300,20220720,1
IDFM:462300,20220719,1
IDFM:462300,20220718,1
IDFM:462371,20220717,1
IDFM:462415,20220629,2
IDFM:462415,20220628,2
IDFM:462415,20220627,2
IDFM:462415,20220706,2
IDFM:462415,20220705,2
IDFM:462415,20220704,2
IDFM:462415,20220715,1
IDFM:462415,20220721,1
IDFM:462457,20220625,1
IDFM:462457,20220703,1
IDFM:462457,20220702,1
IDFM:462458,20220626,1
IDFM:462458,20220703,1
IDFM:462458,20220628,1
IDFM:462458,20220627,1
IDFM:462458,20220705,1
IDFM:462458,20220704,1
IDFM:462458,20220713,2
IDFM:462490,20220705,2
IDFM:462490,20220714,2
IDFM:462803,20220628,1
IDFM:462869,20220630,1
IDFM:462869,20220628,1
IDFM:462869,20220627,1
IDFM:462922,20220623,2
IDFM:462922,20220715,2
IDFM:462922,20220714,2
IDFM:462924,20220624,1
IDFM:462924,20220701,1
IDFM:462924,20220630,1
IDFM:462924,20220706,2
IDFM:462924,20220705,2
IDFM:462924,20220704,2
IDFM:462924,20220721,1
IDFM:462970,20220708,1
IDFM:462975,20220708,1
IDFM:462975,20220713,2
IDFM:462975,20220712,2
IDFM:462975,20220711,2
IDFM:462977,20220708,1
IDFM:462977,20220714,2
IDFM:462977,20220713,2
IDFM:462977,20220712,2
IDFM:462977,20220711,2
IDFM:462983,20220706,1
IDFM:462983,20220705,1
IDFM:462983,20220704,1
IDFM:462993,20220712,1
IDFM:462993,20220721,1
IDFM:463064,20220623,2
IDFM:463082,20220703,2
IDFM:463082,20220702,2
IDFM:463082,20220715,1
IDFM:463082,20220714,1
IDFM:463123,20220721,1
IDFM:463138,20220703,2
IDFM:463138,20220702,2
IDFM:463143,20220703,2
IDFM:463143,20220702,2
IDFM:463143,20220715,1
IDFM:463143,20220714,1
IDFM:463144,20220626,2
IDFM:463144,20220703,2
IDFM:463144,20220702,2
IDFM:463144,20220714,1
IDFM:463145,20220703,2
IDFM:463145,20220702,2
IDFM:463145,20220714,1
IDFM:463150,20220703,2
IDFM:463150,20220709,1
IDFM:463164,20220627,1
IDFM:463248,20220715,1
IDFM:463248,20220714,1
IDFM:463248,20220713,1
IDFM:463248,20220712,1
IDFM:463248,20220711,1
IDFM:463248,20220721,1
IDFM:463248,20220720,1
IDFM:463248,20220719,1
IDFM:463248,20220718,1
IDFM:463259,20220624,2
IDFM:463264,20220701,1
IDFM:463264,20220708,1
IDFM:463264,20220716,2
IDFM:463379,20220716,1
IDFM:463379,20220714,1
IDFM:463380,20220715,1
IDFM:463380,20220714,1
IDFM:463383,20220703,2
IDFM:463383,20220709,1
IDFM:463383,20220715,1
IDFM:463389,20220703,2
IDFM:463389,20220715,1
IDFM:463390,20220626,1
IDFM:463390,20220702,2
IDFM:463390,20220715,1
IDFM:463397,20220703,2
IDFM:463397,20220702,2
IDFM:463397,20220715,1
IDFM:463400,20220702,2
IDFM:463400,20220710,1
IDFM:463413,20220623,2
IDFM:463413,20220701,2
IDFM:463453,20220716,1
IDFM:463453,20220715,1
IDFM:463453,20220711,2
IDFM:463454,20220710,2
IDFM:463454,20220715,1
IDFM:463454,20220714,1
IDFM:463476,20220624,2
IDFM:463500,20220715,1
IDFM:463500,20220712,1
IDFM:463500,20220721,1
IDFM:463501,20220716,1
IDFM:463501,20220715,1
IDFM:463502,20220716,1
IDFM:463502,20220715,1
IDFM:463502,20220714,1
IDFM:463502,20220713,1
IDFM:463502,20220712,1
IDFM:463502,20220711,2
IDFM:463502,20220721,1
IDFM:463502,20220720,1
IDFM:463502,20220719,1
IDFM:463524,20220710,2
IDFM:463524,20220715,1
IDFM:463524,20220714,1
IDFM:463524,20220713,1
IDFM:463524,20220712,1
IDFM:463524,20220711,1
IDFM:463524,20220721,1
IDFM:463524,20220720,1
IDFM:463524,20220719,1
IDFM:463524,20220718,1
IDFM:463528,20220715,1
IDFM:463544,20220626,1
IDFM:463544,20220703,1
IDFM:463565,20220721,1
IDFM:463567,20220715,1
IDFM:463568,20220623,2
IDFM:463575,20220625,1
IDFM:463575,20220702,1
IDFM:463575,20220715,1
IDFM:463578,20220628,1
IDFM:463578,20220627,1
IDFM:463578,20220705,1
IDFM:463578,20220704,1
IDFM:463578,20220713,2
IDFM:463580,20220623,2
IDFM:463580,20220628,1
IDFM:463580,20220627,1
IDFM:463580,20220705,1
IDFM:463580,20220704,1
IDFM:463580,20220713,2
IDFM:463584,20220715,1
IDFM:463586,20220628,1
IDFM:463586,20220627,1
IDFM:463586,20220705,1
IDFM:463586,20220704,1
IDFM:463586,20220715,2
IDFM:463586,20220714,2
IDFM:463586,20220713,2
IDFM:463587,20220716,2
IDFM:463600,20220715,2
IDFM:463600,20220714,2
IDFM:463640,20220709,2
IDFM:463640,20220715,1
IDFM:463640,20220714,1
IDFM:463641,20220710,2
IDFM:463641,20220709,2
IDFM:463701,20220714,1
IDFM:463701,20220713,1
IDFM:463701,20220712,1
IDFM:463701,20220711,1
IDFM:463701,20220721,1
IDFM:463701,20220720,1
IDFM:463701,20220719,1
IDFM:463701,20220718,1
IDFM:463723,20220716,1
IDFM:463723,20220715,1
IDFM:463752,20220710,2
IDFM:463752,20220715,1
IDFM:463788,20220624,2
IDFM:463803,20220713,1
IDFM:463803,20220712,1
IDFM:463803,20220711,1
IDFM:463803,20220721,1
IDFM:463803,20220720,1
IDFM:463803,20220719,1
IDFM:463803,20220718,1
IDFM:463826,20220717,1
IDFM:463826,20220716,1
IDFM:463865,20220716,1
IDFM:463865,20220714,1
IDFM:463883,20220710,1
IDFM:463883,20220715,1
IDFM:463883,20220721,1
IDFM:463943,20220624,2
IDFM:463943,20220716,2
IDFM:463980,20220716,1
IDFM:464005,20220626,1
IDFM:464005,20220703,1
IDFM:464005,20220630,1
IDFM:464005,20220628,1
IDFM:464005,20220627,1
IDFM:464005,20220707,1
IDFM:464005,20220705,1
IDFM:464005,20220704,1
IDFM:464005,20220713,2
IDFM:464034,20220709,2
IDFM:464195,20220630,1
IDFM:464195,20220629,1
IDFM:464195,20220628,1
IDFM:464195,20220627,1
IDFM:464203,20220624,1
IDFM:464203,20220701,1
IDFM:464203,20220707,2
IDFM:464203,20220706,2
IDFM:464203,20220705,2
IDFM:464203,20220704,2
IDFM:464203,20220714,2
IDFM:464238,20220709,1
IDFM:464238,20220708,1
IDFM:464250,20220629,1
IDFM:464250,20220628,1
IDFM:464284,20220623,2
IDFM:464284,20220714,2
IDFM:464361,20220623,2
IDFM:464411,20220625,1
IDFM:464411,20220623,2
IDFM:464411,20220702,1
IDFM:464411,20220714,2
IDFM:464424,20220625,1
IDFM:464424,20220702,1
IDFM:464424,20220715,2
IDFM:464424,20220714,2
IDFM:464447,20220708,1
IDFM:464452,20220715,1
IDFM:464452,20220721,1
IDFM:464452,20220720,1
IDFM:464452,20220719,1
IDFM:464452,20220718,1
IDFM:464453,20220626,1
IDFM:464453,20220625,1
IDFM:464453,20220703,1
IDFM:464453,20220702,1
IDFM:464453,20220714,2
IDFM:464456,20220628,1
IDFM:464456,20220627,1
IDFM:464456,20220708,2
IDFM:464456,20220707,2
IDFM:464456,20220706,2
IDFM:464456,20220714,2
IDFM:464456,20220713,2
IDFM:464456,20220719,1
IDFM:464456,20220718,1
IDFM:464458,20220626,1
IDFM:464458,20220625,1
IDFM:464458,20220703,1
IDFM:464458,20220702,1
IDFM:464458,20220714,2
IDFM:464459,20220715,2
IDFM:464459,20220714,2
IDFM:464460,20220630,1
IDFM:464460,20220628,1
IDFM:464460,20220627,1
IDFM:464460,20220708,2
IDFM:464460,20220706,2
IDFM:464460,20220713,2
IDFM:464460,20220721,1
IDFM:464460,20220719,1
IDFM:464460,20220718,1
IDFM:464624,20220710,2
IDFM:464624,20220714,1
IDFM:464652,20220710,2
IDFM:464652,20220721,1
IDFM:464652,20220720,1
IDFM:464652,20220719,1
IDFM:464669,20220626,1
IDFM:464669,20220625,1
IDFM:464669,20220623,2
IDFM:464669,20220703,1
IDFM:464669,20220702,1
IDFM:464669,20220714,2
IDFM:464689,20220721,1
IDFM:464689,20220720,1
IDFM:464689,20220719,1
IDFM:464689,20220718,1
IDFM:464694,20220710,1
IDFM:464694,20220717,1
IDFM:464695,20220623,2
IDFM:464695,20220715,2
IDFM:464695,20220714,2
IDFM:464862,20220710,2
IDFM:464862,20220714,1
IDFM:464904,20220716,1
IDFM:464904,20220715,1
IDFM:464904,20220717,2
IDFM:464904,20220721,1
IDFM:464904,20220720,1
IDFM:464904,20220719,1
IDFM:464904,20220718,2
IDFM:464905,20220715,1
IDFM:464905,20220717,2
IDFM:464905,20220721,1
IDFM:464905,20220720,1
IDFM:464905,20220719,1
IDFM:464905,20220718,2
IDFM:464911,20220623,2
IDFM:464911,20220710,2
IDFM:464911,20220709,2
IDFM:464911,20220708,2
IDFM:464911,20220707,2
IDFM:464911,20220706,2
IDFM:464911,20220705,2
IDFM:464911,20220704,2
IDFM:464911,20220717,2
IDFM:464911,20220716,2
IDFM:464911,20220715,2
IDFM:464911,20220714,2
IDFM:464911,20220713,2
IDFM:464911,20220712,2
IDFM:464911,20220711,2
IDFM:464912,20220715,2
IDFM:464969,20220625,1
IDFM:464969,20220702,1
IDFM:464969,20220715,2
IDFM:464970,20220625,1
IDFM:464970,20220702,1
IDFM:464970,20220701,1
IDFM:464970,20220708,1
IDFM:465003,20220624,1
IDFM:465003,20220623,2
IDFM:465003,20220701,1
IDFM:465003,20220714,2
IDFM:465007,20220624,1
IDFM:465007,20220701,1
IDFM:465007,20220714,2
IDFM:465010,20220710,2
IDFM:465010,20220709,2
IDFM:465010,20220715,1
IDFM:465010,20220714,1
IDFM:465061,20220626,1
IDFM:465061,20220625,1
IDFM:465061,20220703,1
IDFM:465061,20220702,1
IDFM:465116,20220623,2
IDFM:465116,20220715,2
IDFM:465116,20220714,2
IDFM:465116,20220713,2
IDFM:465116,20220712,2
IDFM:465116,20220711,2
IDFM:465150,20220716,1
IDFM:465150,20220715,1
IDFM:465150,20220714,1
IDFM:465204,20220710,2
IDFM:465204,20220715,1
IDFM:465204,20220711,2
IDFM:465206,20220710,2
IDFM:465206,20220709,2
IDFM:465206,20220714,1
IDFM:465208,20220710,2
IDFM:465208,20220709,2
IDFM:465208,20220715,1
IDFM:465208,20220714,1
IDFM:465253,20220710,2
IDFM:465253,20220709,2
IDFM:465377,20220701,1
IDFM:465377,20220629,1
IDFM:465377,20220628,1
IDFM:465592,20220716,1
IDFM:465592,20220715,1
IDFM:465592,20220721,1
IDFM:465592,20220720,1
IDFM:465592,20220719,1
IDFM:465594,20220623,2
IDFM:465594,20220628,1
IDFM:465594,20220627,1
IDFM:465594,20220708,2
IDFM:465594,20220707,2
IDFM:465594,20220706,2
IDFM:465594,20220713,2
IDFM:465594,20220719,1
IDFM:465594,20220718,1
IDFM:465595,20220628,1
IDFM:465595,20220627,1
IDFM:465595,20220708,2
IDFM:465595,20220707,2
IDFM:465595,20220706,2
IDFM:465595,20220713,2
IDFM:465595,20220719,1
IDFM:465595,20220718,1
IDFM:465658,20220626,1
IDFM:465658,20220625,1
IDFM:465658,20220703,1
IDFM:465658,20220702,1
IDFM:465659,20220626,1
IDFM:465659,20220625,1
IDFM:465659,20220703,1
IDFM:465659,20220702,1
IDFM:465659,20220627,1
IDFM:465659,20220704,1
IDFM:465660,20220626,1
IDFM:465660,20220625,1
IDFM:465660,20220624,2
IDFM:465660,20220703,1
IDFM:465660,20220702,1
IDFM:465660,20220627,1
IDFM:465660,20220704,1
IDFM:466127,20220703,2
IDFM:466127,20220709,1
IDFM:466127,20220714,1
IDFM:466131,20220710,1
IDFM:466131,20220709,1
IDFM:466133,20220710,1
IDFM:466133,20220704,2
IDFM:466133,20220721,1
IDFM:466133,20220720,1
IDFM:466133,20220719,1
IDFM:466134,20220704,1
IDFM:466134,20220710,2
IDFM:466135,20220710,2
IDFM:466135,20220709,2
IDFM:466146,20220626,1
IDFM:466146,20220710,1
IDFM:466146,20220709,1
IDFM:466171,20220703,1
IDFM:466171,20220702,1
IDFM:466171,20220717,1
IDFM:466171,20220716,1
IDFM:466171,20220714,2
IDFM:466178,20220703,2
IDFM:466178,20220709,1
IDFM:466178,20220717,2
IDFM:466178,20220721,1
IDFM:466178,20220720,1
IDFM:466178,20220719,1
IDFM:466178,20220718,1
IDFM:466224,20220710,1
IDFM:466224,20220709,1
IDFM:466569,20220709,1
IDFM:466569,20220708,1
IDFM:466572,20220708,1
IDFM:466572,20220714,2
IDFM:466676,20220629,1
IDFM:466680,20220629,1
IDFM:466680,20220628,1
IDFM:466684,20220628,1
IDFM:466684,20220627,1
IDFM:466684,20220707,2
IDFM:466684,20220706,2
IDFM:466922,20220708,1
IDFM:467059,20220629,1
IDFM:467523,20220629,1
IDFM:467523,20220628,1
IDFM:467523,20220708,2
IDFM:467523,20220707,2
IDFM:469161,20220707,2
IDFM:469161,20220706,2
IDFM:469161,20220705,2
IDFM:469161,20220704,2
IDFM:469161,20220715,2
IDFM:469161,20220714,2
IDFM:469544,20220702,1
IDFM:469544,20220629,1
IDFM:469544,20220628,1
IDFM:469547,20220701,1
IDFM:469547,20220628,1
IDFM:469547,20220627,1
IDFM:469643,20220701,1
IDFM:469643,20220628,1
IDFM:469649,20220701,2
IDFM:469652,20220702,1
IDFM:469652,20220701,1
IDFM:469652,20220629,1
IDFM:469652,20220628,1
IDFM:469677,20220628,1
IDFM:469677,20220707,2
IDFM:469677,20220706,2
IDFM:469767,20220701,2
IDFM:469767,20220707,1
IDFM:469767,20220706,1
IDFM:469767,20220705,1
IDFM:469767,20220704,1
IDFM:470317,20220701,1
IDFM:470317,20220630,1
IDFM:470317,20220628,1
IDFM:470317,20220627,1
IDFM:470347,20220703,2
IDFM:470347,20220702,2
IDFM:470571,20220628,1
IDFM:470716,20220715,1
IDFM:471322,20220701,1
IDFM:471322,20220629,1
IDFM:471322,20220628,1
IDFM:471322,20220627,1
IDFM:471793,20220626,1
IDFM:471793,20220625,1
IDFM:472173,20220702,2
IDFM:472173,20220708,1
IDFM:472173,20220707,1
IDFM:472173,20220706,1
IDFM:472173,20220705,1
IDFM:472737,20220626,1
IDFM:472737,20220625,1
IDFM:472777,20220701,1
IDFM:472802,20220626,2
IDFM:472802,20220625,2
IDFM:472809,20220625,2
IDFM:472832,20220710,2
IDFM:472885,20220627,2
IDFM:472885,20220714,2
IDFM:472892,20220714,2
IDFM:472907,20220625,2
IDFM:472924,20220714,2
IDFM:472952,20220624,1
IDFM:472952,20220622,1
IDFM:472952,20220701,1
IDFM:472952,20220629,1
IDFM:472952,20220628,1
IDFM:472952,20220627,1
IDFM:472952,20220707,2
IDFM:472952,20220716,2
IDFM:472968,20220701,1
IDFM:472968,20220630,1
IDFM:472968,20220629,1
IDFM:472968,20220628,1
IDFM:472968,20220627,1
IDFM:472968,20220716,2
IDFM:472968,20220721,1
IDFM:472968,20220720,1
IDFM:472968,20220719,1
IDFM:472968,20220718,1
IDFM:472976,20220716,2
IDFM:472985,20220628,1
IDFM:472985,20220627,1
IDFM:472985,20220707,2
IDFM:472985,20220706,2
IDFM:472985,20220716,2
IDFM:472985,20220713,2
IDFM:472985,20220719,1
IDFM:472985,20220718,1
IDFM:472992,20220630,2
IDFM:472992,20220627,2
IDFM:472992,20220714,2
IDFM:472999,20220627,1
IDFM:472999,20220716,2
IDFM:472999,20220715,2
IDFM:472999,20220714,2
IDFM:473001,20220629,2
IDFM:473001,20220707,1
IDFM:473001,20220716,2
IDFM:473001,20220721,1
IDFM:473002,20220628,1
IDFM:473002,20220706,2
IDFM:473002,20220712,1
IDFM:473002,20220714,2
IDFM:473008,20220625,1
IDFM:473008,20220709,1
IDFM:473008,20220714,1
IDFM:473009,20220702,1
IDFM:473009,20220710,2
IDFM:473009,20220714,1
IDFM:473012,20220716,2
IDFM:473012,20220715,2
IDFM:473017,20220702,1
IDFM:473017,20220714,2
IDFM:473030,20220630,2
IDFM:473030,20220629,2
IDFM:473030,20220628,2
IDFM:473030,20220627,2
IDFM:473030,20220708,1
IDFM:473030,20220715,1
IDFM:473030,20220716,2
IDFM:473031,20220716,2
IDFM:473031,20220713,2
IDFM:473038,20220629,2
IDFM:473038,20220628,2
IDFM:473038,20220714,2
IDFM:473043,20220717,2
IDFM:473043,20220716,2
IDFM:473049,20220630,2
IDFM:473049,20220629,2
IDFM:473049,20220716,2
IDFM:473051,20220717,1
IDFM:473051,20220716,2
IDFM:473055,20220713,1
IDFM:473111,20220626,1
IDFM:473111,20220703,1
IDFM:473174,20220703,2
IDFM:473174,20220714,1
IDFM:473195,20220702,1
IDFM:473195,20220714,2
IDFM:473212,20220703,1
IDFM:473212,20220705,2
IDFM:473212,20220704,2
IDFM:473212,20220714,1
IDFM:473212,20220713,1
IDFM:473220,20220702,1
IDFM:473220,20220714,1
IDFM:473222,20220710,1
IDFM:473222,20220717,1
IDFM:473225,20220628,1
IDFM:473225,20220627,1
IDFM:473225,20220705,1
IDFM:473225,20220704,1
IDFM:473225,20220714,2
IDFM:473225,20220713,2
IDFM:473256,20220626,1
IDFM:473314,20220715,1
IDFM:473449,20220626,1
IDFM:473449,20220625,1
IDFM:473486,20220625,1
IDFM:473486,20220710,2
IDFM:473486,20220716,1
IDFM:473491,20220625,1
IDFM:473491,20220703,2
IDFM:473491,20220709,1
IDFM:473492,20220626,1
IDFM:473492,20220625,1
IDFM:473492,20220717,1
IDFM:473548,20220703,1
IDFM:473548,20220709,2
IDFM:473598,20220702,2
IDFM:473793,20220626,1
IDFM:473793,20220625,1
IDFM:473793,20220716,1
IDFM:473848,20220703,2
IDFM:473848,20220702,2
IDFM:473852,20220703,2
IDFM:473852,20220704,2
IDFM:473907,20220703,2
IDFM:473907,20220704,2
IDFM:476444,20220720,1
IDFM:476444,20220719,1
IDFM:476444,20220718,1
IDFM:477213,20220627,1
IDFM:477253,20220704,1
IDFM:477921,20220629,1
IDFM:478025,20220628,1
IDFM:478137,20220707,2
IDFM:478137,20220706,2
IDFM:478137,20220705,2
IDFM:478137,20220704,2
IDFM:478137,20220714,2
IDFM:478143,20220624,1
IDFM:478143,20220701,1
IDFM:478143,20220707,2
IDFM:478143,20220706,2
IDFM:478143,20220705,2
IDFM:478309,20220624,1
IDFM:478309,20220623,1
IDFM:478309,20220701,1
IDFM:478309,20220630,1
IDFM:478309,20220629,1
IDFM:478309,20220628,1
IDFM:478701,20220702,1
IDFM:478701,20220628,1
IDFM:478701,20220627,1
IDFM:478702,20220703,1
IDFM:478702,20220702,1
IDFM:478702,20220628,1
IDFM:478702,20220627,1
IDFM:478706,20220703,1
IDFM:478706,20220629,1
IDFM:478706,20220628,1
IDFM:478706,20220704,1
IDFM:478710,20220708,1
IDFM:478710,20220716,1
IDFM:478711,20220715,1
IDFM:478711,20220714,2
IDFM:478711,20220720,2
IDFM:478711,20220719,2
IDFM:479003,20220708,2
IDFM:479003,20220714,2
IDFM:479003,20220720,2
IDFM:479003,20220719,2
IDFM:479640,20220714,2
IDFM:479642,20220710,1
IDFM:479642,20220709,1
IDFM:479642,20220714,2
IDFM:479646,20220626,1
IDFM:479646,20220715,2
IDFM:479647,20220626,1
IDFM:479647,20220715,2
IDFM:479647,20220718,1
IDFM:479648,20220625,1
IDFM:479648,20220714,2
IDFM:479649,20220625,1
IDFM:479655,20220625,1
IDFM:479655,20220714,2
IDFM:479797,20220625,1
IDFM:479797,20220717,2
IDFM:479797,20220714,2
IDFM:479809,20220715,1
IDFM:479959,20220626,1
IDFM:479959,20220715,2
IDFM:480668,20220625,1
IDFM:480668,20220710,1
IDFM:480668,20220709,1
IDFM:480668,20220714,2
IDFM:480672,20220710,1
IDFM:480672,20220709,1
IDFM:480672,20220714,2
IDFM:481531,20220626,1
IDFM:481531,20220710,1
IDFM:481531,20220711,1
IDFM:481531,20220715,2
IDFM:481551,20220709,1
IDFM:481551,20220708,1
IDFM:481551,20220717,1
IDFM:481551,20220718,1
IDFM:481553,20220709,1
IDFM:481553,20220708,1
IDFM:481553,20220717,1
IDFM:481554,20220708,1
IDFM:481554,20220707,1
IDFM:481554,20220717,1
IDFM:481554,20220716,1
IDFM:481639,20220717,1
IDFM:481639,20220716,1
IDFM:481639,20220714,2
IDFM:482075,20220710,1
IDFM:482075,20220715,2
IDFM:482780,20220626,1
IDFM:482780,20220702,2
IDFM:482780,20220710,1
IDFM:483065,20220627,2
IDFM:483065,20220715,2
IDFM:483065,20220714,2
IDFM:483069,20220630,2
IDFM:483069,20220629,2
IDFM:483069,20220628,2
IDFM:483069,20220627,2
IDFM:483069,20220708,1
IDFM:483069,20220715,1
IDFM:483132,20220628,1
IDFM:483147,20220715,1
IDFM:483147,20220713,1
IDFM:483147,20220712,1
IDFM:483147,20220721,1
IDFM:483154,20220628,1
IDFM:483192,20220625,1
IDFM:483513,20220625,1
IDFM:483513,20220623,1
IDFM:483513,20220702,1
IDFM:483513,20220630,1
IDFM:483513,20220629,1
IDFM:483513,20220628,1
IDFM:483513,20220708,2
IDFM:483516,20220624,1
IDFM:483516,20220622,1
IDFM:483516,20220701,1
IDFM:483516,20220629,1
IDFM:483516,20220628,1
IDFM:483516,20220627,1
IDFM:483516,20220707,2
IDFM:483868,20220630,1
IDFM:483868,20220629,1
IDFM:483868,20220628,1
IDFM:484312,20220626,1
IDFM:484312,20220629,1
IDFM:484312,20220628,1
IDFM:484312,20220627,1
IDFM:484318,20220626,1
IDFM:484318,20220625,1
IDFM:484318,20220628,1
IDFM:484318,20220627,1
IDFM:484343,20220716,2
IDFM:484365,20220709,2
IDFM:484376,20220709,1
IDFM:484420,20220703,1
IDFM:484420,20220717,1
IDFM:484420,20220714,1
IDFM:484424,20220705,2
IDFM:484436,20220705,1
IDFM:484436,20220714,2
IDFM:484436,20220719,1
IDFM:484514,20220703,1
IDFM:484514,20220717,1
IDFM:484517,20220705,1
IDFM:484517,20220719,1
IDFM:484523,20220703,1
IDFM:484523,20220717,1
IDFM:484535,20220716,2
IDFM:484554,20220705,1
IDFM:484554,20220704,1
IDFM:484554,20220714,2
IDFM:484555,20220705,1
IDFM:484555,20220704,1
IDFM:484555,20220714,2
IDFM:484560,20220704,2
IDFM:484560,20220719,1
IDFM:484569,20220705,2
IDFM:484569,20220704,2
IDFM:484577,20220714,2
IDFM:484583,20220714,2
IDFM:484598,20220705,1
IDFM:484598,20220704,1
IDFM:484598,20220714,2
IDFM:484598,20220719,1
IDFM:484598,20220718,1
IDFM:484607,20220714,2
IDFM:484607,20220719,2
IDFM:484607,20220718,2
IDFM:484608,20220704,2
IDFM:484618,20220627,1
IDFM:484618,20220711,1
IDFM:484618,20220714,2
IDFM:484635,20220705,1
IDFM:484635,20220714,2
IDFM:484635,20220718,2
IDFM:484649,20220628,1
IDFM:484649,20220714,2
IDFM:484856,20220702,2
IDFM:484856,20220714,1
IDFM:484862,20220707,2
IDFM:484862,20220706,2
IDFM:484862,20220705,2
IDFM:484862,20220704,2
IDFM:484862,20220714,2
IDFM:484862,20220713,2
IDFM:1747,20220708,1
IDFM:1747,20220713,1
IDFM:1747,20220712,1
IDFM:1747,20220711,1
IDFM:34750,20220625,1
IDFM:34750,20220702,1
IDFM:34750,20220708,1
IDFM:34750,20220715,1
IDFM:34750,20220713,1
IDFM:34750,20220712,1
IDFM:34750,20220711,1
IDFM:34750,20220721,1
IDFM:34750,20220720,1
IDFM:34750,20220719,1
IDFM:34750,20220718,1
IDFM:36452,20220625,1
IDFM:36452,20220702,1
IDFM:36452,20220708,1
IDFM:36452,20220715,1
IDFM:36452,20220714,1
IDFM:36452,20220713,1
IDFM:36452,20220712,1
IDFM:36452,20220711,1
IDFM:36452,20220721,1
IDFM:36452,20220720,1
IDFM:36452,20220719,1
IDFM:36452,20220718,1
IDFM:36487,20220626,1
IDFM:36487,20220703,1
IDFM:36487,20220708,1
IDFM:36487,20220715,1
IDFM:36487,20220714,1
IDFM:36487,20220713,1
IDFM:36487,20220712,1
IDFM:36487,20220711,1
IDFM:36487,20220721,1
IDFM:36487,20220720,1
IDFM:36487,20220719,1
IDFM:36487,20220718,1
IDFM:40837,20220701,1
IDFM:40837,20220707,1
IDFM:40837,20220706,1
IDFM:40837,20220705,1
IDFM:40837,20220704,1
IDFM:40851,20220702,1
IDFM:40851,20220701,1
IDFM:40851,20220707,1
IDFM:40851,20220706,1
IDFM:40851,20220705,1
IDFM:40851,20220704,1
IDFM:41138,20220701,1
IDFM:41138,20220707,1
IDFM:41138,20220705,1
IDFM:41138,20220704,1
IDFM:51548,20220624,1
IDFM:51548,20220623,1
IDFM:51548,20220622,1
IDFM:51548,20220701,1
IDFM:51548,20220630,1
IDFM:51548,20220629,1
IDFM:51548,20220628,1
IDFM:51548,20220627,1
IDFM:51548,20220709,1
IDFM:51548,20220716,1
IDFM:55863,20220625,1
IDFM:55863,20220702,1
IDFM:55863,20220715,1
IDFM:55863,20220713,1
IDFM:55863,20220721,1
IDFM:55863,20220720,1
IDFM:55863,20220719,1
IDFM:55863,20220718,1
IDFM:56269,20220626,1
IDFM:56269,20220703,1
IDFM:56269,20220716,1
IDFM:56269,20220715,1
IDFM:56269,20220713,1
IDFM:56269,20220721,1
IDFM:56269,20220720,1
IDFM:56269,20220719,1
IDFM:56269,20220718,1
IDFM:56764,20220715,1
IDFM:56764,20220721,1
IDFM:56764,20220719,1
IDFM:56764,20220718,1
IDFM:84280,20220708,1
IDFM:84280,20220707,1
IDFM:84280,20220712,1
IDFM:84280,20220711,1
IDFM:102360,20220717,1
IDFM:102360,20220718,1
IDFM:150516,20220716,1
IDFM:150516,20220721,1
IDFM:150516,20220720,1
IDFM:150516,20220719,1
IDFM:150516,20220718,1
IDFM:170664,20220626,1
IDFM:170664,20220627,1
IDFM:181496,20220624,1
IDFM:181496,20220622,1
IDFM:181496,20220628,1
IDFM:181496,20220627,1
IDFM:182283,20220623,1
IDFM:182283,20220629,1
IDFM:182283,20220628,1
IDFM:182283,20220627,1
IDFM:187918,20220624,1
IDFM:187918,20220630,1
IDFM:187918,20220629,1
IDFM:187918,20220628,1
IDFM:187918,20220627,1
IDFM:187924,20220625,1
IDFM:187924,20220715,1
IDFM:207528,20220624,1
IDFM:207528,20220628,1
IDFM:209334,20220625,1
IDFM:209334,20220721,1
IDFM:209334,20220720,1
IDFM:209334,20220719,1
IDFM:209334,20220718,1
IDFM:209340,20220626,1
IDFM:209340,20220625,1
IDFM:209340,20220721,1
IDFM:209340,20220720,1
IDFM:209340,20220719,1
IDFM:209340,20220718,1
IDFM:209342,20220626,1
IDFM:209342,20220721,1
IDFM:209342,20220720,1
IDFM:209342,20220719,1
IDFM:209342,20220718,1
IDFM:248537,20220715,1
IDFM:248537,20220721,1
IDFM:248537,20220720,1
IDFM:248537,20220719,1
IDFM:248537,20220718,1
IDFM:257512,20220626,1
IDFM:257512,20220714,1
IDFM:272258,20220625,1
IDFM:272258,20220701,1
IDFM:272258,20220708,1
IDFM:272258,20220707,1
IDFM:272258,20220706,1
IDFM:272258,20220705,1
IDFM:272258,20220704,1
IDFM:272258,20220713,1
IDFM:272258,20220712,1
IDFM:272258,20220711,1
IDFM:274241,20220626,1
IDFM:274241,20220715,1
IDFM:305856,20220626,1
IDFM:305856,20220716,1
IDFM:305856,20220715,1
IDFM:455397,20220703,1
IDFM:455397,20220704,1
IDFM:455614,20220716,1
IDFM:455614,20220715,1
IDFM:455614,20220721,1
IDFM:455614,20220720,1
IDFM:455614,20220719,1
IDFM:455614,20220718,1
IDFM:455615,20220717,1
IDFM:455615,20220716,1
IDFM:455615,20220715,1
IDFM:455615,20220721,1
IDFM:455615,20220720,1
IDFM:455615,20220719,1
IDFM:455615,20220718,1
IDFM:455637,20220717,1
IDFM:455637,20220715,1
IDFM:455637,20220721,1
IDFM:455637,20220720,1
IDFM:455637,20220719,1
IDFM:455637,20220718,1
IDFM:455743,20220715,1
IDFM:455743,20220721,1
IDFM:455743,20220720,1
IDFM:455743,20220718,1
IDFM:457344,20220717,1
IDFM:457344,20220721,1
IDFM:457344,20220720,1
IDFM:457344,20220719,1
IDFM:457344,20220718,1
IDFM:457882,20220703,1
IDFM:457882,20220709,1
IDFM:457882,20220714,1
IDFM:457959,20220703,1
IDFM:457959,20220714,1
IDFM:457984,20220626,1
IDFM:457984,20220702,1
IDFM:458257,20220629,1
IDFM:458257,20220712,1
IDFM:458278,20220716,1
IDFM:458278,20220714,1
IDFM:458278,20220713,1
IDFM:458278,20220712,1
IDFM:458278,20220718,1
IDFM:458608,20220717,1
IDFM:458608,20220721,1
IDFM:458608,20220720,1
IDFM:458608,20220718,1
IDFM:458692,20220717,1
IDFM:458692,20220721,1
IDFM:458945,20220710,1
IDFM:458945,20220711,1
IDFM:463149,20220626,1
IDFM:463149,20220709,1
IDFM:463381,20220710,1
IDFM:463381,20220709,1
IDFM:463381,20220715,1
IDFM:463536,20220710,1
IDFM:463536,20220715,1
IDFM:464362,20220625,1
IDFM:464362,20220702,1
IDFM:464362,20220715,1
IDFM:464362,20220713,1
IDFM:464362,20220712,1
IDFM:464362,20220711,1
IDFM:464362,20220721,1
IDFM:464362,20220720,1
IDFM:464362,20220719,1
IDFM:464362,20220718,1
IDFM:465008,20220626,1
IDFM:465008,20220703,1
IDFM:465008,20220627,1
IDFM:465008,20220704,1
IDFM:465008,20220715,1
IDFM:466128,20220710,1
IDFM:466128,20220709,1
IDFM:466128,20220714,1
IDFM:466306,20220717,1
IDFM:466306,20220716,1
IDFM:466306,20220715,1
IDFM:466306,20220718,1
IDFM:467337,20220717,1
IDFM:467337,20220716,1
IDFM:467337,20220718,1
IDFM:469341,20220715,1
IDFM:469341,20220721,1
IDFM:469341,20220718,1
IDFM:471978,20220717,1
IDFM:471978,20220715,1
IDFM:471978,20220718,1
IDFM:472757,20220625,1
IDFM:472757,20220708,1
IDFM:472757,20220707,1
IDFM:472757,20220706,1
IDFM:472757,20220705,1
IDFM:473191,20220702,1
IDFM:473191,20220717,1
IDFM:473191,20220714,1
IDFM:473210,20220703,1
IDFM:473210,20220702,1
IDFM:473210,20220714,1
IDFM:473487,20220703,1
IDFM:473487,20220716,1
IDFM:479636,20220715,1
IDFM:479636,20220720,1
IDFM:479636,20220719,1
IDFM:479636,20220718,1
IDFM:480767,20220716,1
IDFM:480767,20220721,1
IDFM:480767,20220720,1
IDFM:480767,20220719,1
IDFM:483067,20220627,1
IDFM:483067,20220715,1
IDFM:483161,20220710,1
IDFM:483161,20220714,1
IDFM:483190,20220626,1
IDFM:483190,20220625,1
IDFM:483190,20220714,1
IDFM:484360,20220709,1
IDFM:484360,20220714,1
IDFM:484595,20220624,1
IDFM:484595,20220623,1
IDFM:484595,20220622,1
IDFM:484595,20220627,1
